variable,mae_model,nmae_model,r_model,mae_debias,nmae_debias,r_debias,mae_region,nmae_region,r_region,mae_grand,nmae_grand,r_grand,mae_grand_loo,nmae_grand_loo,r_grand_loo,mae_gdp,nmae_gdp,r_gdp
actrolga,0.24850924896474633,0.24850924896474633,0.6236654605239246,0.046721658659288505,0.046721658659288505,0.6236654605239246,0.031228926574688853,0.031228926574688853,0.8146011110179919,0.051559941622170084,0.051559941622170084,0.0,0.05333787064362423,0.05333787064362423,,0.03113916244701243,0.03113916244701243,0.8063964508802297
aesfdrk,0.27188549164343445,0.27188549164343445,-0.457857225220302,0.07269427561014037,0.07269427561014037,-0.45785722522030203,0.057283877524897456,0.057283877524897456,0.4969322964839975,0.06358705065529593,0.06358705065529593,0.0,0.0657797075744441,0.0657797075744441,,0.055407173229221465,0.055407173229221465,0.525017296041562
atchctr,0.05401456115395734,0.05401456115395734,0.22548823677081906,0.040947895367610156,0.040947895367610156,0.2254882367708191,0.044145709910703865,0.044145709910703865,0.3223173459029617,0.0390721696026628,0.0390721696026628,0.0,0.040419485795858065,0.040419485795858065,,0.046431944522103044,0.046431944522103044,0.2367127255448018
atcherp,0.10637740894619836,0.10637740894619836,0.31032344464203326,0.07007595787348748,0.07007595787348748,0.31032344464203326,0.07093923565954974,0.07093923565954974,0.017062614658428593,0.07010741325731759,0.07010741325731759,0.0,0.07252491026619062,0.07252491026619062,,0.07591494340672836,0.07591494340672836,0.10850914223713969
cptppola,0.24893366316467874,0.24893366316467874,0.5037036087357335,0.060857080606297534,0.060857080606297534,0.5037036087357335,0.04643145674576851,0.04643145674576851,0.70993389891161,0.06526081134433483,0.06526081134433483,0.0,0.0675111841493119,0.0675111841493119,,0.048928884735955865,0.048928884735955865,0.6916564451555935
euftf,0.10867144514561931,0.10867144514561931,-0.23135690156298802,0.0482841317218584,0.0482841317218584,-0.23135690156298802,0.051158981524243904,0.051158981524243904,-0.46346280493538616,0.04546077331778899,0.04546077331778899,0.0,0.0470283861908162,0.0470283861908162,,0.05209872238092269,0.05209872238092269,-0.26894173056553655
freehms,0.438839093852056,0.438839093852056,-0.8203273958001768,0.1732837579636993,0.1732837579636993,-0.8203273958001768,0.06337780081863535,0.06337780081863535,0.8481661764811469,0.13686648175904056,0.13686648175904056,0.0,0.14158601561280057,0.14158601561280057,,0.05978918694499943,0.05978918694499943,0.8784212661772329
gincdif,0.34159735736025393,0.34159735736025393,0.34594629805091426,0.04147813781674937,0.04147813781674937,0.34594629805091426,0.04171352961138968,0.04171352961138968,0.27538322566692397,0.046191740955482646,0.046191740955482646,0.0,0.047784559609119995,0.047784559609119995,,0.043356966351886475,0.043356966351886475,0.255558707586329
happy,0.030705742727713405,0.030705742727713405,0.6906642065373667,0.03107614501868755,0.03107614501868755,0.6906642065373667,0.032645780845105,0.032645780845105,0.5424812857965445,0.04077005252596168,0.04077005252596168,0.0,0.04217591640616724,0.04217591640616724,,0.030060118329682622,0.030060118329682622,0.6571988248762317
health,0.2826830982860041,0.2826830982860041,-0.3323367599094139,0.05003288654693887,0.05003288654693887,-0.3323367599094139,0.04736295327781191,0.04736295327781191,0.1572118795520352,0.04230064341532428,0.04230064341532428,0.0,0.043759286291714765,0.043759286291714765,,0.04466558388546926,0.04466558388546926,0.1810879566148566
hincfel,0.3026758030131852,0.3026758030131852,-0.6725922375814659,0.10564622009866538,0.10564622009866538,-0.6725922375814658,0.07914447428924641,0.07914447428924641,0.557766254548943,0.09185330309406955,0.09185330309406955,0.0,0.09502065837317542,0.09502065837317542,,0.0703474627819886,0.0703474627819886,0.6950731100443933
hmsacld,0.2116162168821308,0.2116162168821308,-0.7256979707079046,0.21033645167657009,0.21033645167657009,-0.7256979707079046,0.08275909916612118,0.08275909916612118,0.8224215514892763,0.19395002907776432,0.19395002907776432,0.0,0.20063796111492865,0.20063796111492865,,0.08969181535001046,0.08969181535001046,0.8152511720114795
hmsfmlsh,0.21972418503618266,0.21972418503618266,0.24821441725012938,0.15121438559859696,0.15121438559859696,0.24821441725012938,0.07075887118535626,0.07075887118535626,0.8188503865597828,0.15196778979034153,0.15196778979034153,0.0,0.15720805840380156,0.15720805840380156,,0.06755315527559251,0.06755315527559251,0.8606814118883963
imbgeco,0.14043114415283625,0.14043114415283625,0.3587398351517705,0.0672530169898645,0.0672530169898645,0.35873983515177066,0.06542211204124444,0.06542211204124444,0.44909080241884586,0.07230725987661454,0.07230725987661454,0.0,0.07480061366546331,0.07480061366546331,,0.06912096278395735,0.06912096278395735,0.36704763994446754
imdfetn,0.1865746402394967,0.1865746402394967,-0.35853229917974416,0.10809939938647428,0.10809939938647428,-0.35853229917974416,0.08453696063811753,0.08453696063811753,0.48033193376019073,0.09542697319412795,0.09542697319412795,0.0,0.09871755847668404,0.09871755847668404,,0.08651930147138885,0.08651930147138885,0.4779405880028089
impcntr,0.15290825704143815,0.15290825704143815,-0.35738415421342296,0.12181155251346383,0.12181155251346383,-0.35738415421342296,0.09516929067286058,0.09516929067286058,0.4127741954262688,0.10419975873500982,0.10419975873500982,0.0,0.10779285386380325,0.10779285386380325,,0.09704830455490945,0.09704830455490945,0.4172975685362875
imsmetn,0.3124250719431499,0.3124250719431499,-0.25490391315794514,0.07423472838601182,0.07423472838601182,-0.25490391315794525,0.07066993009883855,0.07066993009883855,0.3120500345657252,0.07044139772315615,0.07044139772315615,0.0,0.0728704114377477,0.0728704114377477,,0.07838257796820731,0.07838257796820731,0.26659621082942747
imueclt,0.1533903039141798,0.1533903039141798,0.647708781503356,0.06574808584599895,0.06574808584599895,0.647708781503356,0.056778021716071464,0.056778021716071464,0.6314347184939046,0.07740623774558944,0.07740623774558944,0.0,0.08007541835750633,0.08007541835750633,,0.057783380404574744,0.057783380404574744,0.6226548478552096
imwbcnt,0.05338082348238706,0.05338082348238706,0.6372038328158683,0.052660419956850085,0.052660419956850085,0.6372038328158685,0.051182865064769205,0.051182865064769205,0.6327502564460116,0.06700009460272209,0.06700009460272209,0.0,0.06931044269247112,0.06931044269247112,,0.052997375193312816,0.052997375193312816,0.5958372779796798
inprdsc,0.08242973274636829,0.08242973274636829,0.4270652175604479,0.07998765611839767,0.07998765611839767,0.427065217560448,0.05234910080740317,0.05234910080740317,0.7641811026389062,0.08143561502621059,0.08143561502621059,0.0,0.08424373968228685,0.08424373968228685,,0.05244672509709151,0.05244672509709151,0.751336703034056
polintr,0.09030851581879804,0.09030851581879804,-0.6840742122514161,0.08197785558869364,0.08197785558869364,-0.6840742122514162,0.046466662830904205,0.046466662830904205,0.7647346146515295,0.06767128624562795,0.06767128624562795,0.0,0.07000477887478751,0.07000477887478751,,0.050017271703977705,0.050017271703977705,0.7192694043510852
pplfair,0.1589939397796113,0.1589939397796113,0.5716268771955936,0.06201187617416413,0.06201187617416413,0.5716268771955936,0.03488109699247414,0.03488109699247414,0.8229447664700903,0.06737402073962495,0.06737402073962495,0.0,0.06969726283409478,0.06969726283409478,,0.032480448278322686,0.032480448278322686,0.8391302416774409
pplhlp,0.17944944410074168,0.17944944410074168,0.3607805898689944,0.06534827682927538,0.06534827682927538,0.3607805898689944,0.04014290981234028,0.04014290981234028,0.7918130787540592,0.06977545550523608,0.06977545550523608,0.0,0.07218150569507181,0.07218150569507181,,0.039863476200402766,0.039863476200402766,0.8124246148520965
ppltrst,0.18595975200630785,0.18595975200630785,0.7760821195535936,0.05230876859742007,0.05230876859742007,0.7760821195535936,0.04201984132735233,0.04201984132735233,0.7829925901808251,0.07472121730090903,0.07472121730090903,0.0,0.07729781100094037,0.07729781100094037,,0.04177337631110329,0.04177337631110329,0.7968795975838047
psppipla,0.3010270216180875,0.3010270216180875,0.7068442767617874,0.06433210254594485,0.06433210254594485,0.7068442767617874,0.04193417603428409,0.04193417603428409,0.8090734981322497,0.07073441398146799,0.07073441398146799,0.0,0.07317353170496688,0.07317353170496688,,0.041032098975342816,0.041032098975342816,0.8153936351624942
psppsgva,0.34409180593314076,0.34409180593314076,0.5481602761083125,0.055468579139893205,0.055468579139893205,0.5481602761083125,0.049627712118644154,0.049627712118644154,0.6501137332503615,0.06283623873009624,0.06283623873009624,0.0,0.06500300558285818,0.06500300558285818,,0.04692655139917488,0.04692655139917488,0.682131250073002
rlgatnd,0.3919539738647935,0.3919539738647935,0.34673238497804765,0.0855327752171446,0.0855327752171446,0.3467323849780466,0.06725020734790027,0.06725020734790027,0.5457795897296749,0.08747005556318407,0.08747005556318407,0.0,0.09048626437570764,0.09048626437570764,,0.06843433228833916,0.06843433228833916,0.5123559102776462
sclmeet,0.16857457721539468,0.16857457721539468,0.2951718581002278,0.07222626258481209,0.07222626258481209,0.2951718581002277,0.07303389939678431,0.07303389939678431,0.2724169163810526,0.07407407804436988,0.07407407804436988,0.0,0.07662835659762404,0.07662835659762404,,0.07867219674090603,0.07867219674090603,0.1829863428186727
stfdem,0.16098929413681615,0.16098929413681615,0.7319242006667535,0.0655562806649625,0.0655562806649625,0.7319242006667535,0.05943096140518997,0.05943096140518997,0.6645643357895671,0.08291617724785488,0.08291617724785488,0.0,0.08577535577364298,0.08577535577364298,,0.0465359174216226,0.0465359174216226,0.8121028868533153
stfeco,0.17976382936204371,0.17976382936204371,0.669174494519849,0.056326108853560014,0.056326108853560014,0.6691744945198489,0.06730162413417698,0.06730162413417698,0.35833028607406553,0.07432979226259248,0.07432979226259248,0.0,0.07689288854750945,0.07689288854750945,,0.05828944850095224,0.05828944850095224,0.5943477413178647
stfedu,0.15126590750223637,0.15126590750223637,0.5224447501709363,0.06991058428059069,0.06991058428059069,0.5224447501709363,0.0695910526345878,0.0695910526345878,0.5071745363369865,0.07942615301933548,0.07942615301933548,0.0,0.08216498588207119,0.08216498588207119,,0.06243153465734941,0.06243153465734941,0.6243095155723722
stfgov,0.2591632872803703,0.2591632872803703,0.5092888027092058,0.04858468659118965,0.04858468659118965,0.5092888027092058,0.06047166190576832,0.06047166190576832,0.11187863833052418,0.0553212026949296,0.0553212026949296,0.0,0.057228830374065134,0.057228830374065134,,0.05328320774995569,0.05328320774995569,0.39961580459682194
stfhlth,0.18858996047501092,0.18858996047501092,0.6084912597963015,0.0786967451827969,0.0786967451827969,0.6084912597963015,0.08315887619434756,0.08315887619434756,0.4802873365862813,0.09017942464589716,0.09017942464589716,0.0,0.09328905997851433,0.09328905997851433,,0.08645153280887875,0.08645153280887875,0.42140203923532776
stflife,0.05670256816452725,0.05670256816452725,0.7746784904273362,0.044594443100715725,0.044594443100715725,0.7746784904273362,0.04247837445307148,0.04247837445307148,0.5507066309738319,0.05387005854376738,0.05387005854376738,0.0,0.055727646769414524,0.055727646769414524,,0.04045840106054751,0.04045840106054751,0.6827613744783897
trstep,0.15584473880230582,0.15584473880230582,0.38880337746492666,0.04794431174977852,0.04794431174977852,0.38880337746492666,0.04307974643404633,0.04307974643404633,0.42796187603074815,0.049017462793366155,0.049017462793366155,0.0,0.05070772013106843,0.05070772013106843,,0.042007514396809345,0.042007514396809345,0.46890003812898484
trstlgl,0.1605219576446921,0.1605219576446921,0.7779125340382167,0.06721965419751917,0.06721965419751917,0.7779125340382169,0.07339863082745361,0.07339863082745361,0.6550132650748115,0.08959539390516555,0.08959539390516555,0.0,0.09268489024672298,0.09268489024672298,,0.06751214234538937,0.06751214234538937,0.7018189417514792
trstplc,0.11694256516288508,0.11694256516288508,0.8187003794113819,0.06442868648530743,0.06442868648530743,0.8187003794113814,0.07022136374501355,0.07022136374501355,0.4883191466877327,0.08256490499429912,0.08256490499429912,0.0,0.0854119706837577,0.0854119706837577,,0.06709439107800388,0.06709439107800388,0.5611368139698887
trstplt,0.1362491746254162,0.1362491746254162,0.7458525648734162,0.052760424762590234,0.052760424762590234,0.7458525648734161,0.05327925209470764,0.05327925209470764,0.7153868828267197,0.07907180108109912,0.07907180108109912,0.0,0.08179841491148183,0.08179841491148183,,0.04854051214819986,0.04854051214819986,0.7648128816831123
trstprl,0.08569947148770649,0.08569947148770649,0.7860431453403899,0.05913708883991788,0.05913708883991788,0.7860431453403899,0.06421235710412312,0.06421235710412312,0.6975860183153896,0.0822671874615418,0.0822671874615418,0.0,0.08510398702918118,0.08510398702918118,,0.06089463990885333,0.06089463990885333,0.7526611670596189
trstprt,0.18531270890229584,0.18531270890229584,0.7310128585264873,0.057824706484550625,0.057824706484550625,0.7310128585264873,0.05512192465271033,0.05512192465271033,0.7190511837469681,0.07883993257889843,0.07883993257889843,0.0,0.081558550943688,0.081558550943688,,0.05098185023607395,0.05098185023607395,0.7627539158408074
trstun,0.18672957660353978,0.18672957660353978,0.45954095389984884,0.06126161761143648,0.06126161761143648,0.45954095389984884,0.05422180946352349,0.05422180946352349,0.5679898597274075,0.06647276567017042,0.06647276567017042,0.0,0.0687649300036246,0.0687649300036246,,0.049289711220937796,0.049289711220937796,0.6390440573838987
vote,0.38682174136601327,0.38682174136601327,-0.1499410429377972,0.04815142455109022,0.04815142455109022,-0.1499410429377972,0.04273274018945038,0.04273274018945038,0.34431835037126457,0.040766680687600323,0.040766680687600323,0.0,0.04217242829751759,0.04217242829751759,,0.04426929100466607,0.04426929100466607,0.32592215971314165
