country_a,country_b,profile_r_a,profile_r_b,within_r_a,within_r_b,profile_gap,within_gap,severity
CH,IL,0.9051582931790576,0.7548493557251168,0.0142840839509112,0.0773792754789644,0.1503089374539408,-0.0630951915280532,0.009483771197034562
IL,NO,0.7548493557251168,0.8906927910475326,0.0773792754789644,0.0177433721476182,-0.13584343532241583,0.05963590333134619,0.00810114597708557
IE,IL,0.8935144552479544,0.7548493557251168,0.0231370742572151,0.0773792754789644,0.13866509952283756,-0.05424220122174929,0.0075215002307516465
BG,CH,0.6854503192912444,0.9051582931790576,0.0468655160241971,0.0142840839509112,-0.21970797388781316,0.0325814320732859,0.007158400427185056
FI,IL,0.910711852834848,0.7548493557251168,0.0321216874233562,0.0773792754789644,0.1558624971097312,-0.04525758805560819,0.007053960687510638
AT,IL,0.8823730677705127,0.7548493557251168,0.0226218363036761,0.0773792754789644,0.12752371204539592,-0.05475743917528829,0.006982871905732746
IL,SI,0.7548493557251168,0.8574021817056523,0.0773792754789644,0.0112352493302409,-0.1025528259805355,0.0661440261487235,0.006783256803282031
BG,SI,0.6854503192912444,0.8574021817056523,0.0468655160241971,0.0112352493302409,-0.17195186241440785,0.0356302666939562,0.006126690716347815
IL,NL,0.7548493557251168,0.873628791112841,0.0773792754789644,0.0265766906080034,-0.11877943538772417,0.050802584870960996,0.0060343023472096856
IL,ME,0.7548493557251168,0.8451443676693915,0.0773792754789644,0.0109959217807353,-0.0902950119442747,0.06638335369822909,0.005994085715082607
BG,NO,0.6854503192912444,0.8906927910475326,0.0468655160241971,0.0177433721476182,-0.20524247175628818,0.0291221438765789,0.005977100792071305
BG,ME,0.6854503192912444,0.8451443676693915,0.0468655160241971,0.0109959217807353,-0.15969404837814705,0.0358695942434618,0.005728160718419893
BG,DE,0.6854503192912444,0.8300726310692906,0.0468655160241971,0.0075398289640195,-0.1446223117780462,0.0393256870601776,0.005687371774902881
IL,SE,0.7548493557251168,0.8585370051014429,0.0773792754789644,0.0254155745113755,-0.10368764937632613,0.05196370096758889,0.005387994006223616
DE,IL,0.8300726310692906,0.7548493557251168,0.0075398289640195,0.0773792754789644,0.07522327534417383,-0.06983944651494489,0.0052535519150784015
BG,IE,0.6854503192912444,0.8935144552479544,0.0468655160241971,0.0231370742572151,-0.20806413595670992,0.023728441766981998,0.0049370377338462165
IL,PL,0.7548493557251168,0.8374900952904407,0.0773792754789644,0.0176441899044248,-0.08264073956532392,0.05973508557453959,0.004936551649877864
BE,IL,0.8508384950701526,0.7548493557251168,0.0262566106310072,0.0773792754789644,0.09598913934503583,-0.05112266484795719,0.004907220599780128
BG,ES,0.6854503192912444,0.8290401786416228,0.0468655160241971,0.0134509102990582,-0.14358985935037838,0.0334146057251389,0.004797998536321043
AT,BG,0.8823730677705127,0.6854503192912444,0.0226218363036761,0.0468655160241971,0.19692274847926827,-0.024243679720520998,0.0047741320438160935
ES,IL,0.8290401786416228,0.7548493557251168,0.0134509102990582,0.0773792754789644,0.07419082291650603,-0.06392836517990619,0.00474289802040415
IL,IT,0.7548493557251168,0.8641004530725265,0.0773792754789644,0.036549367447733,-0.10925109734740968,0.04082990803123139,0.004460712257005845
BG,PL,0.6854503192912444,0.8374900952904407,0.0468655160241971,0.0176441899044248,-0.15203977599919627,0.0292213261197723,0.0044428038776496434
IL,IS,0.7548493557251168,0.8544743279425585,0.0773792754789644,0.0359305908028919,-0.09962497221744171,0.041448684676072496,0.004129324059303224
BG,HR,0.6854503192912444,0.7946389946133416,0.0468655160241971,0.0113382042255806,-0.1091886753220972,0.0355273117986165,0.00387918011304605
BG,NL,0.6854503192912444,0.873628791112841,0.0468655160241971,0.0265766906080034,-0.18817847182159653,0.020288825416193697,0.003817920161874497
BG,SE,0.6854503192912444,0.8585370051014429,0.0468655160241971,0.0254155745113755,-0.17308668581019848,0.021449941512821598,0.0037126992872768853
IL,LT,0.7548493557251168,0.8626392872316171,0.0773792754789644,0.0439121074466539,-0.10778993150650029,0.03346716803231049,0.003607423749919284
GB,IL,0.8197768716174378,0.7548493557251168,0.0219170857244814,0.0773792754789644,0.06492751589232104,-0.05546218975448299,0.00360102220670712
CH,CY,0.9051582931790576,0.7870157211406633,0.0142840839509112,0.0444938149589886,0.11814257203839429,-0.030209731008077403,0.0035690553218822984
BE,BG,0.8508384950701526,0.6854503192912444,0.0262566106310072,0.0468655160241971,0.1653881757789082,-0.020608905393189898,0.0034084692677797796
BG,GB,0.6854503192912444,0.8197768716174378,0.0468655160241971,0.0219170857244814,-0.1343265523261934,0.024948430299715697,0.0033512366281111495
BG,FI,0.6854503192912444,0.910711852834848,0.0468655160241971,0.0321216874233562,-0.22526153354360356,0.014743828600840898,0.0033212174409294635
BG,FR,0.6854503192912444,0.7989817384900312,0.0468655160241971,0.0201284951039494,-0.11353141919878673,0.026737020920247698,0.003035491930223372
EE,IL,0.843115145117026,0.7548493557251168,0.0448385177503157,0.0773792754789644,0.08826578939190921,-0.032540757728648693,0.0028722356683300474
CY,NO,0.7870157211406633,0.8906927910475326,0.0444938149589886,0.0177433721476182,-0.10367706990686931,0.026750442811370404,0.002773407529394159
CH,LV,0.9051582931790576,0.7597205566273624,0.0142840839509112,0.0330297925239352,0.14543773655169523,-0.018745708573024003,0.0027263334249183198
IL,SK,0.7548493557251168,0.8265866004521504,0.0773792754789644,0.0398486889084511,-0.07173724472703358,0.037530586570513294,0.002692340873558032
HR,IL,0.7946389946133416,0.7548493557251168,0.0113382042255806,0.0773792754789644,0.03978963888822484,-0.06604107125338379,0.0026277503769636676
FR,IL,0.7989817384900312,0.7548493557251168,0.0201284951039494,0.0773792754789644,0.04413238276491438,-0.05725078037501499,0.00252661335310021
CY,SI,0.7870157211406633,0.8574021817056523,0.0444938149589886,0.0112352493302409,-0.07038646056498898,0.033258565628747704,0.0023409527180759484
CY,IE,0.7870157211406633,0.8935144552479544,0.0444938149589886,0.0231370742572151,-0.10649873410729105,0.021356740701773503,0.002274465849396537
CH,PT,0.9051582931790576,0.8007374572286252,0.0142840839509112,0.0348567735362287,0.10442083595043239,-0.0205726895853175,0.002148217444247608
LV,SI,0.7597205566273624,0.8574021817056523,0.0330297925239352,0.0112352493302409,-0.09768162507828992,0.021794543193694303,0.0021289263969990423
BG,GR,0.6854503192912444,0.7679404907030946,0.0468655160241971,0.0215528392495417,-0.08249017141185011,0.025312676774655398,0.002088047046034081
AT,CY,0.8823730677705127,0.7870157211406633,0.0226218363036761,0.0444938149589886,0.0953573466298494,-0.021871978655312502,0.0020856538501153018
BG,HU,0.6854503192912444,0.7798983692020902,0.0468655160241971,0.0255763780342704,-0.09444804991084577,0.0212891379899267,0.00201071756743148
CH,SK,0.9051582931790576,0.8265866004521504,0.0142840839509112,0.0398486889084511,0.07857169272690723,-0.0255646049575399,0.0020086542854085942
LV,NO,0.7597205566273624,0.8906927910475326,0.0330297925239352,0.0177433721476182,-0.13097223442017025,0.015286420376317004,0.0020020966329722576
IL,PT,0.7548493557251168,0.8007374572286252,0.0773792754789644,0.0348567735362287,-0.045888101503508416,0.04252250194273569,0.0019512768853313892
CY,ME,0.7870157211406633,0.8451443676693915,0.0444938149589886,0.0109959217807353,-0.05812864652872818,0.0334978931782533,0.001947187192015781
CH,EE,0.9051582931790576,0.843115145117026,0.0142840839509112,0.0448385177503157,0.062043148062031594,-0.0305544337994045,0.001895693260167996
LV,ME,0.7597205566273624,0.8451443676693915,0.0330297925239352,0.0109959217807353,-0.08542381104202912,0.0220338707431999,0.0018822172108916022
BG,RS,0.6854503192912444,0.7276701955981768,0.0468655160241971,0.0023041209065105,-0.04221987630693236,0.0445613951176866,0.0018813765899330678
BG,IS,0.6854503192912444,0.8544743279425585,0.0468655160241971,0.0359305908028919,-0.16902400865131406,0.010934925221305201,0.0018482648952073627
BG,IT,0.6854503192912444,0.8641004530725265,0.0468655160241971,0.036549367447733,-0.17865013378128203,0.010316148576464096,0.001842981323292893
DE,LV,0.8300726310692906,0.7597205566273624,0.0075398289640195,0.0330297925239352,0.07035207444192826,-0.0254899635599157,0.001793271813889228
CH,UA,0.9051582931790576,0.7500397363579364,0.0142840839509112,0.024902889710967,0.1551185568211212,-0.010618805760055802,0.0016471738246636649
CY,DE,0.7870157211406633,0.8300726310692906,0.0444938149589886,0.0075398289640195,-0.04305690992862732,0.0369539859949691,0.00159112444648914
CY,NL,0.7870157211406633,0.873628791112841,0.0444938149589886,0.0265766906080034,-0.08661306997217766,0.017917124350985202,0.0015518571451120895
NO,PT,0.8906927910475326,0.8007374572286252,0.0177433721476182,0.0348567735362287,0.08995533381890741,-0.0171134013886105,0.0015394417346894114
CY,FI,0.7870157211406633,0.910711852834848,0.0444938149589886,0.0321216874233562,-0.1236961316941847,0.012372127535632403,0.0015303843169848345
SI,UA,0.8574021817056523,0.7500397363579364,0.0112352493302409,0.024902889710967,0.10736244534771588,-0.013667640380726102,0.001467391293407941
BG,UA,0.6854503192912444,0.7500397363579364,0.0468655160241971,0.024902889710967,-0.06458941706669197,0.021962626313230097,0.0014185532308251222
NO,SK,0.8906927910475326,0.8265866004521504,0.0177433721476182,0.0398486889084511,0.06410619059538225,-0.0221053167608329,0.0014170876494412517
CH,HU,0.9051582931790576,0.7798983692020902,0.0142840839509112,0.0255763780342704,0.1252599239769674,-0.0112922940833592,0.001414471898407132
DE,UA,0.8300726310692906,0.7500397363579364,0.0075398289640195,0.024902889710967,0.08003289471135422,-0.017363060746947503,0.001389616012627297
BG,PT,0.6854503192912444,0.8007374572286252,0.0468655160241971,0.0348567735362287,-0.11528713793738077,0.012008742487968398,0.0013844535516648977
CY,SE,0.7870157211406633,0.8585370051014429,0.0444938149589886,0.0254155745113755,-0.07152128396077961,0.019078240447613103,0.001364500252525768
ES,LV,0.8290401786416228,0.7597205566273624,0.0134509102990582,0.0330297925239352,0.06931962201426045,-0.019578882224877005,0.0013572007152901967
CY,PL,0.7870157211406633,0.8374900952904407,0.0444938149589886,0.0176441899044248,-0.0504743741497774,0.026849625054563803,0.0013552180207852909
PT,SI,0.8007374572286252,0.8574021817056523,0.0348567735362287,0.0112352493302409,-0.056664724477027084,0.0236215242059878,0.0013385071608597247
IE,LV,0.8935144552479544,0.7597205566273624,0.0231370742572151,0.0330297925239352,0.133793898620592,-0.009892718266720103,0.001323585344859628
ME,UA,0.8451443676693915,0.7500397363579364,0.0109959217807353,0.024902889710967,0.09510463131145508,-0.013906967930231702,0.0013226170576649155
CY,ES,0.7870157211406633,0.8290401786416228,0.0444938149589886,0.0134509102990582,-0.04202445750095951,0.031042904659930405,0.0013045612275875832
HU,IL,0.7798983692020902,0.7548493557251168,0.0255763780342704,0.0773792754789644,0.025049013476973414,-0.05180289744469399,0.0012976114762384115
EE,NO,0.843115145117026,0.8906927910475326,0.0448385177503157,0.0177433721476182,-0.04757764593050662,0.0270951456026975,0.001289123243920665
AT,LV,0.8823730677705127,0.7597205566273624,0.0226218363036761,0.0330297925239352,0.12265251114315034,-0.010407956220259102,0.0012765619662827505
CH,LT,0.9051582931790576,0.8626392872316171,0.0142840839509112,0.0439121074466539,0.042519005947440514,-0.0296280234957427,0.001259754107226391
LV,PL,0.7597205566273624,0.8374900952904407,0.0330297925239352,0.0176441899044248,-0.07776953866307834,0.015385602619510403,0.0011965312177727738
BE,CY,0.8508384950701526,0.7870157211406633,0.0262566106310072,0.0444938149589886,0.06382277392948932,-0.018237204327981402,0.0011639489689306611
IE,SK,0.8935144552479544,0.8265866004521504,0.0231370742572151,0.0398486889084511,0.06692785479580399,-0.016711614651236,0.0011184725187813535
HU,SI,0.7798983692020902,0.8574021817056523,0.0255763780342704,0.0112352493302409,-0.07750381250356209,0.0143411287040295,0.0011114921501665547
CH,IS,0.9051582931790576,0.8544743279425585,0.0142840839509112,0.0359305908028919,0.050683965236499096,-0.021646506851980697,0.0010971308007774292
EE,IE,0.843115145117026,0.8935144552479544,0.0448385177503157,0.0231370742572151,-0.050399310130928354,0.0217014434931006,0.0010937377808975942
IE,PT,0.8935144552479544,0.8007374572286252,0.0231370742572151,0.0348567735362287,0.09277699801932915,-0.0117196992790136,0.001087318516796178
ME,PT,0.8451443676693915,0.8007374572286252,0.0109959217807353,0.0348567735362287,0.04440691044076628,-0.0238608517554934,0.0010595867069465963
CY,IL,0.7870157211406633,0.7548493557251168,0.0444938149589886,0.0773792754789644,0.032166365415546516,-0.03288546051997579,0.0010578057399440695
BG,LV,0.6854503192912444,0.7597205566273624,0.0468655160241971,0.0330297925239352,-0.07427023733611793,0.013835723500261896,0.0010275824680813553
NO,UA,0.8906927910475326,0.7500397363579364,0.0177433721476182,0.024902889710967,0.1406530546895962,-0.007159517563348802,0.0010070080153888237
AT,PT,0.8823730677705127,0.8007374572286252,0.0226218363036761,0.0348567735362287,0.0816356105418875,-0.0122349372325526,0.000998806570921103
CH,GR,0.9051582931790576,0.7679404907030946,0.0142840839509112,0.0215528392495417,0.13721780247596305,-0.0072687552986305005,0.0009974026288135898
BG,SK,0.6854503192912444,0.8265866004521504,0.0468655160241971,0.0398486889084511,-0.14113628116090593,0.007016827115745999,0.000990328884665396
AT,SK,0.8823730677705127,0.8265866004521504,0.0226218363036761,0.0398486889084511,0.05578646731836234,-0.017226852604775,0.0009610252498345257
HU,ME,0.7798983692020902,0.8451443676693915,0.0255763780342704,0.0109959217807353,-0.06524599846730128,0.0145804562535351,0.0009513164263707045
GR,SI,0.7679404907030946,0.8574021817056523,0.0215528392495417,0.0112352493302409,-0.08946169100255774,0.0103175899193008,0.0009230290412515929
CH,IT,0.9051582931790576,0.8641004530725265,0.0142840839509112,0.036549367447733,0.04105784010653113,-0.022265283496821803,0.0009141644497390959
DE,HU,0.8300726310692906,0.7798983692020902,0.0075398289640195,0.0255763780342704,0.05017426186720042,-0.0180365490702509,0.000904970536231379
ES,UA,0.8290401786416228,0.7500397363579364,0.0134509102990582,0.024902889710967,0.07900044228368641,-0.011451979411908801,0.0009047114385644663
SI,SK,0.8574021817056523,0.8265866004521504,0.0112352493302409,0.0398486889084511,0.030815581253501922,-0.0286134395782102,0.0008817397722645042
AT,EE,0.8823730677705127,0.843115145117026,0.0226218363036761,0.0448385177503157,0.03925792265348671,-0.0222166814466396,0.0008721807618493305
DE,GR,0.8300726310692906,0.7679404907030946,0.0075398289640195,0.0215528392495417,0.062132140366196076,-0.0140130102855222,0.0008706583220130147
HU,NO,0.7798983692020902,0.8906927910475326,0.0255763780342704,0.0177433721476182,-0.11079442184544241,0.0078330058866522,0.0008678533585235775
EE,FI,0.843115145117026,0.910711852834848,0.0448385177503157,0.0321216874233562,-0.067596707717822,0.0127168303269595,0.0008596158627086161
GR,ME,0.7679404907030946,0.8451443676693915,0.0215528392495417,0.0109959217807353,-0.07720387696629694,0.0105569174688064,0.0008150349574050802
DE,PT,0.8300726310692906,0.8007374572286252,0.0075398289640195,0.0348567735362287,0.02933517384066542,-0.0273169445722092,0.0008013473178215785
HR,LV,0.7946389946133416,0.7597205566273624,0.0113382042255806,0.0330297925239352,0.03491843798597927,-0.021691588298354603,0.0007574363808134887
LV,SE,0.7597205566273624,0.8585370051014429,0.0330297925239352,0.0254155745113755,-0.09881644847408055,0.007614218012559702,0.0007524099819085218
CY,GB,0.7870157211406633,0.8197768716174378,0.0444938149589886,0.0219170857244814,-0.032761150476774525,0.022576729234507202,0.000739639623725085
LV,NL,0.7597205566273624,0.873628791112841,0.0330297925239352,0.0265766906080034,-0.1139082344854786,0.006453101915931802,0.0007350614461986509
LT,NO,0.8626392872316171,0.8906927910475326,0.0439121074466539,0.0177433721476182,-0.028053503815915537,0.0261687352990357,0.0007341247155691817
GR,IL,0.7679404907030946,0.7548493557251168,0.0215528392495417,0.0773792754789644,0.013091134977977759,-0.055826436229422696,0.0007308314120188402
GB,LV,0.8197768716174378,0.7597205566273624,0.0219170857244814,0.0330297925239352,0.060056314990075466,-0.011112706799453802,0.0006673882199403509
IS,NO,0.8544743279425585,0.8906927910475326,0.0359305908028919,0.0177433721476182,-0.03621846310497412,0.018187218655273698,0.0006587131078481275
CH,GB,0.9051582931790576,0.8197768716174378,0.0142840839509112,0.0219170857244814,0.08538142156161976,-0.007633001773570201,0.0006517165422097887
BE,CH,0.8508384950701526,0.9051582931790576,0.0262566106310072,0.0142840839509112,-0.05431979810890497,0.011972526680096001,0.0006503452321162931
FI,SK,0.910711852834848,0.8265866004521504,0.0321216874233562,0.0398486889084511,0.08412525238269764,-0.007727001485094899,0.0006500359500950878
IE,LT,0.8935144552479544,0.8626392872316171,0.0231370742572151,0.0439121074466539,0.030875168016337273,-0.0207750331894388,0.0006414326402689062
PL,UA,0.8374900952904407,0.7500397363579364,0.0176441899044248,0.024902889710967,0.0874503589325043,-0.0072586998065422015,0.0006347759034654151
PL,PT,0.8374900952904407,0.8007374572286252,0.0176441899044248,0.0348567735362287,0.0367526380618155,-0.0172125836318039,0.0006326078563284185
NL,SK,0.873628791112841,0.8265866004521504,0.0265766906080034,0.0398486889084511,0.0470421906606906,-0.013271998300447698,0.0006243438744980221
CH,FR,0.9051582931790576,0.7989817384900312,0.0142840839509112,0.0201284951039494,0.10617655468902643,-0.005844411153038201,0.0006205394404157165
BE,LV,0.8508384950701526,0.7597205566273624,0.0262566106310072,0.0330297925239352,0.09111793844279026,-0.006773181892928002,0.0006171583707816352
CY,IT,0.7870157211406633,0.8641004530725265,0.0444938149589886,0.036549367447733,-0.07708473193186316,0.0079444475112556,0.0006123956067518954
ES,PT,0.8290401786416228,0.8007374572286252,0.0134509102990582,0.0348567735362287,0.02830272141299761,-0.021405863237170503,0.0006058441838063639
HR,UA,0.7946389946133416,0.7500397363579364,0.0113382042255806,0.024902889710967,0.04459925825540523,-0.013564685485386401,0.0006049749111160949
NL,PT,0.873628791112841,0.8007374572286252,0.0265766906080034,0.0348567735362287,0.07289133388421576,-0.0082800829282253,0.0006035462893102652
ES,HU,0.8290401786416228,0.7798983692020902,0.0134509102990582,0.0255763780342704,0.04914180943953261,-0.0121254677352122,0.000595867424808999
CY,IS,0.7870157211406633,0.8544743279425585,0.0444938149589886,0.0359305908028919,-0.0674586068018952,0.008563224156096706,0.0005776631713026185
FI,LT,0.910711852834848,0.8626392872316171,0.0321216874233562,0.0439121074466539,0.04807256560323092,-0.0117904200232977,0.0005667957400596261
EE,NL,0.843115145117026,0.873628791112841,0.0448385177503157,0.0265766906080034,-0.030513645995814964,0.0182618271423123,0.0005572349286572827
PT,SE,0.8007374572286252,0.8585370051014429,0.0348567735362287,0.0254155745113755,-0.057799547872817714,0.0094411990248532,0.0005456970350138024
ME,SK,0.8451443676693915,0.8265866004521504,0.0109959217807353,0.0398486889084511,0.018557767217241117,-0.028852767127715798,0.0005354429359294163
BG,LT,0.6854503192912444,0.8626392872316171,0.0468655160241971,0.0439121074466539,-0.17718896794037264,0.0029534085775431984,0.0005233114177611234
FR,SI,0.7989817384900312,0.8574021817056523,0.0201284951039494,0.0112352493302409,-0.05842044321562112,0.008893245773708501,0.0005195473597255
CH,SE,0.9051582931790576,0.8585370051014429,0.0142840839509112,0.0254155745113755,0.046621288077614675,-0.0111314905604643,0.0005189644281526546
FR,LV,0.7989817384900312,0.7597205566273624,0.0201284951039494,0.0330297925239352,0.039261181862668804,-0.012901297419985802,0.0005065201842704424
IT,NO,0.8641004530725265,0.8906927910475326,0.036549367447733,0.0177433721476182,-0.026592337975006153,0.018805995300114803,0.0005000953829770301
IE,IS,0.8935144552479544,0.8544743279425585,0.0231370742572151,0.0359305908028919,0.039040127305395855,-0.012793516545676797,0.0004994605146269104
ES,GR,0.8290401786416228,0.7679404907030946,0.0134509102990582,0.0215528392495417,0.06109968793852827,-0.0081019289504835,0.0004950253305746697
EE,SI,0.843115145117026,0.8574021817056523,0.0448385177503157,0.0112352493302409,-0.01428703658862629,0.0336032684200748,0.000480091125415039
GR,NO,0.7679404907030946,0.8906927910475326,0.0215528392495417,0.0177433721476182,-0.12275230034443807,0.0038094671019235013,0.00046762084984756973
SE,SK,0.8585370051014429,0.8265866004521504,0.0254155745113755,0.0398486889084511,0.03195040464929255,-0.014433114397075598,0.00046114384533609546
HU,PL,0.7798983692020902,0.8374900952904407,0.0255763780342704,0.0176441899044248,-0.0575917260883505,0.0079321881298456,0.00045682840605533296
BE,PT,0.8508384950701526,0.8007374572286252,0.0262566106310072,0.0348567735362287,0.05010103784152742,-0.0086001629052215,0.00043087708715780276
FR,ME,0.7989817384900312,0.8451443676693915,0.0201284951039494,0.0109959217807353,-0.046162629179360315,0.009132573323214101,0.00042158359577285087
AT,LT,0.8823730677705127,0.8626392872316171,0.0226218363036761,0.0439121074466539,0.01973378053889563,-0.0212902711429778,0.0004201375383491065
GB,SI,0.8197768716174378,0.8574021817056523,0.0219170857244814,0.0112352493302409,-0.03762531008821446,0.010681836394240501,0.0004019074066448735
IE,IT,0.8935144552479544,0.8641004530725265,0.0231370742572151,0.036549367447733,0.02941400217542789,-0.013412293190517902,0.0003945092210833702
DE,FR,0.8300726310692906,0.7989817384900312,0.0075398289640195,0.0201284951039494,0.031090892579259455,-0.012588666139929901,0.00039139286667272134
CH,NL,0.9051582931790576,0.873628791112841,0.0142840839509112,0.0265766906080034,0.03152950206621663,-0.012292606657092201,0.0003875797669939769
AT,IS,0.8823730677705127,0.8544743279425585,0.0226218363036761,0.0359305908028919,0.02789873982795421,-0.013308754499215796,0.0003712974792077365
BE,NO,0.8508384950701526,0.8906927910475326,0.0262566106310072,0.0177433721476182,-0.039854295977379994,0.008513238483389002,0.0003392891262430069
BE,SK,0.8508384950701526,0.8265866004521504,0.0262566106310072,0.0398486889084511,0.024251894618002257,-0.013592078277443898,0.00032963365002420706
BG,EE,0.6854503192912444,0.843115145117026,0.0468655160241971,0.0448385177503157,-0.15766482582578156,0.002026998273881399,0.0003195863298006706
AT,HU,0.8823730677705127,0.7798983692020902,0.0226218363036761,0.0255763780342704,0.1024746985684225,-0.0029545417305942984,0.0003027657732504761
AT,UA,0.8823730677705127,0.7500397363579364,0.0226218363036761,0.024902889710967,0.1323333314125763,-0.0022810534072909006,0.00030185939651681317
FI,PT,0.910711852834848,0.8007374572286252,0.0321216874233562,0.0348567735362287,0.1099743956062228,-0.0027350861128725007,0.0003007894421941265
EE,SE,0.843115145117026,0.8585370051014429,0.0448385177503157,0.0254155745113755,-0.015421859984416919,0.0194229432389402,0.000299537911116213
GB,NO,0.8197768716174378,0.8906927910475326,0.0219170857244814,0.0177433721476182,-0.07091591943009479,0.004173713576863202,0.00029598273574112354
CY,FR,0.7870157211406633,0.7989817384900312,0.0444938149589886,0.0201284951039494,-0.011966017349367863,0.024365319855039203,0.0002915558401082964
HU,IE,0.7798983692020902,0.8935144552479544,0.0255763780342704,0.0231370742572151,-0.11361608604586415,0.002439303777055299,0.0002771441478259163
GB,ME,0.8197768716174378,0.8451443676693915,0.0219170857244814,0.0109959217807353,-0.025367496051953653,0.010921163943746101,0.0002770425832257178
GR,HR,0.7679404907030946,0.7946389946133416,0.0215528392495417,0.0113382042255806,-0.026698503910247084,0.0102146350239611,0.00027271547312897223
GR,PL,0.7679404907030946,0.8374900952904407,0.0215528392495417,0.0176441899044248,-0.06954960458734616,0.0039086493451169005,0.00027184501642346995
AT,IT,0.8823730677705127,0.8641004530725265,0.0226218363036761,0.036549367447733,0.018272614697986245,-0.013927531144056902,0.0002544924102895553
IE,UA,0.8935144552479544,0.7500397363579364,0.0231370742572151,0.024902889710967,0.14347471889001795,-0.001765815453751901,0.00025334987583870347
CY,HR,0.7870157211406633,0.7946389946133416,0.0444938149589886,0.0113382042255806,-0.007623273472678327,0.033155610733408,0.000252754287774438
NO,SE,0.8906927910475326,0.8585370051014429,0.0177433721476182,0.0254155745113755,0.0321557859460897,-0.0076722023637573016,0.00024670569694406323
GB,PT,0.8197768716174378,0.8007374572286252,0.0219170857244814,0.0348567735362287,0.019039414388812625,-0.0129396878117473,0.0002463640783097249
PL,SK,0.8374900952904407,0.8265866004521504,0.0176441899044248,0.0398486889084511,0.01090349483829034,-0.0222044990040263,0.00024210664027722375
BG,CY,0.6854503192912444,0.7870157211406633,0.0468655160241971,0.0444938149589886,-0.10156540184941887,0.0023717010652084952,0.0002408827717545956
FR,UA,0.7989817384900312,0.7500397363579364,0.0201284951039494,0.024902889710967,0.048942002132094764,-0.004774394607017601,0.00023366843103611714
CH,PL,0.9051582931790576,0.8374900952904407,0.0142840839509112,0.0176441899044248,0.06766819788861689,-0.0033601059535136,0.00022737231458907803
FR,NO,0.7989817384900312,0.8906927910475326,0.0201284951039494,0.0177433721476182,-0.09171105255750145,0.0023851229563312017,0.00021874213680419407
IL,LV,0.7548493557251168,0.7597205566273624,0.0773792754789644,0.0330297925239352,-0.004871200902245576,0.04434948295502919,0.000216035241384663
FI,IS,0.910711852834848,0.8544743279425585,0.0321216874233562,0.0359305908028919,0.0562375248922895,-0.003808903379535697,0.00021420329861896438
HR,HU,0.7946389946133416,0.7798983692020902,0.0113382042255806,0.0255763780342704,0.014740625411251429,-0.014238173808689799,0.0002098795866541874
GB,UA,0.8197768716174378,0.7500397363579364,0.0219170857244814,0.024902889710967,0.06973713525950143,-0.0029858039864856002,0.00020822141646390486
FI,IT,0.910711852834848,0.8641004530725265,0.0321216874233562,0.036549367447733,0.04661139976232154,-0.0044276800243768025,0.0002063803636358727
ES,FR,0.8290401786416228,0.7989817384900312,0.0134509102990582,0.0201284951039494,0.030058440151591648,-0.006677584804891201,0.00020071778321499996
LT,NL,0.8626392872316171,0.873628791112841,0.0439121074466539,0.0265766906080034,-0.010989503881223883,0.0173354168386505,0.00019050763063098352
AT,CH,0.8823730677705127,0.9051582931790576,0.0226218363036761,0.0142840839509112,-0.022785225408544885,0.008337752352764901,0.0001899775667583737
CY,SK,0.7870157211406633,0.8265866004521504,0.0444938149589886,0.0398486889084511,-0.03957087931148706,0.004645126050537504,0.00018381172233246414
IS,NL,0.8544743279425585,0.873628791112841,0.0359305908028919,0.0265766906080034,-0.019154463170282465,0.009353900194888496,0.00017916893678148968
EE,IT,0.843115145117026,0.8641004530725265,0.0448385177503157,0.036549367447733,-0.020985307955500465,0.008289150302582697,0.00017395037178912775
NL,NO,0.873628791112841,0.8906927910475326,0.0265766906080034,0.0177433721476182,-0.017063999934691654,0.008833318460385202,0.00015073174563112366
HU,LV,0.7798983692020902,0.7597205566273624,0.0255763780342704,0.0330297925239352,0.020177812574727838,-0.007453414489664804,0.00015039360061421716
DE,GB,0.8300726310692906,0.8197768716174378,0.0075398289640195,0.0219170857244814,0.010295759451852793,-0.014377256760461901,0.0001480247771832401
GB,HU,0.8197768716174378,0.7798983692020902,0.0219170857244814,0.0255763780342704,0.03987850241534763,-0.003659292309788998,0.00014592709721438356
BE,EE,0.8508384950701526,0.843115145117026,0.0262566106310072,0.0448385177503157,0.007723349953126624,-0.0185819071193085,0.00014351457147891456
FI,LV,0.910711852834848,0.7597205566273624,0.0321216874233562,0.0330297925239352,0.15099129620748564,-0.0009081051005790028,0.00013711596622905276
DE,HR,0.8300726310692906,0.7946389946133416,0.0075398289640195,0.0113382042255806,0.03543363645594899,-0.0037983752615611006,0.0001345902481414262
BE,IE,0.8508384950701526,0.8935144552479544,0.0262566106310072,0.0231370742572151,-0.04267596017780173,0.0031195363737921006,0.0001331292100611557
CY,PT,0.7870157211406633,0.8007374572286252,0.0444938149589886,0.0348567735362287,-0.0137217360879619,0.009637041422759902,0.00013223693907186824
PL,SI,0.8374900952904407,0.8574021817056523,0.0176441899044248,0.0112352493302409,-0.019912086415211583,0.0064089405741839,0.00012761537854310556
IT,SK,0.8641004530725265,0.8265866004521504,0.036549367447733,0.0398486889084511,0.0375138526203761,-0.0032993214607180965,0.00012377025902462265
AT,BE,0.8823730677705127,0.8508384950701526,0.0226218363036761,0.0262566106310072,0.031534572700360086,-0.0036347743273311,0.000114621055274625
DE,SK,0.8300726310692906,0.8265866004521504,0.0075398289640195,0.0398486889084511,0.0034860306171402566,-0.0323088599444316,0.000112629674971185
IS,SK,0.8544743279425585,0.8265866004521504,0.0359305908028919,0.0398486889084511,0.027887727490408132,-0.003918098105559202,0.00010926685224851938
FR,HU,0.7989817384900312,0.7798983692020902,0.0201284951039494,0.0255763780342704,0.019083369287940966,-0.0054478829303209984,0.00010396396179678557
CH,IE,0.9051582931790576,0.8935144552479544,0.0142840839509112,0.0231370742572151,0.01164383793110324,-0.0088529903063039,0.00010308278433223065
EE,IS,0.843115145117026,0.8544743279425585,0.0448385177503157,0.0359305908028919,-0.011359182825532499,0.008907926947423803,0.0001011867707922746
BE,SI,0.8508384950701526,0.8574021817056523,0.0262566106310072,0.0112352493302409,-0.006563686635499666,0.015021361300766301,9.859550841685164e-05
FR,PL,0.7989817384900312,0.8374900952904407,0.0201284951039494,0.0176441899044248,-0.03850835680040954,0.002484305199524601,9.566651102440594e-05
IT,NL,0.8641004530725265,0.873628791112841,0.036549367447733,0.0265766906080034,-0.009528338040314499,0.009972676839729602,9.502303609575894e-05
GR,LV,0.7679404907030946,0.7597205566273624,0.0215528392495417,0.0330297925239352,0.008219934075732183,-0.011476953274393503,9.43397993057732e-05
IE,SE,0.8935144552479544,0.8585370051014429,0.0231370742572151,0.0254155745113755,0.034977450146511435,-0.0022785002541604003,7.969612904870903e-05
ES,GB,0.8290401786416228,0.8197768716174378,0.0134509102990582,0.0219170857244814,0.009263307024184986,-0.008466175425423201,7.842478228630505e-05
GB,PL,0.8197768716174378,0.8374900952904407,0.0219170857244814,0.0176441899044248,-0.017713223673002876,0.004272895820056601,7.568675939210163e-05
IS,SI,0.8544743279425585,0.8574021817056523,0.0359305908028919,0.0112352493302409,-0.0029278537630937906,0.024695341472650997,7.230434846158738e-05
EE,ME,0.843115145117026,0.8451443676693915,0.0448385177503157,0.0109959217807353,-0.002029222552365484,0.0338425959695804,6.867415897206578e-05
IE,NL,0.8935144552479544,0.873628791112841,0.0231370742572151,0.0265766906080034,0.01988566413511339,-0.0034396163507883007,6.839905550542051e-05
AT,SE,0.8823730677705127,0.8585370051014429,0.0226218363036761,0.0254155745113755,0.02383606266906979,-0.0027937382076994,6.659171899969762e-05
ES,SK,0.8290401786416228,0.8265866004521504,0.0134509102990582,0.0398486889084511,0.0024535781894724495,-0.0263977786093929,6.476901384652878e-05
ES,SI,0.8290401786416228,0.8574021817056523,0.0134509102990582,0.0112352493302409,-0.028362003064029473,0.0022156609688173,6.284058318644678e-05
GR,UA,0.7679404907030946,0.7500397363579364,0.0215528392495417,0.024902889710967,0.017900754345158143,-0.003350050461425301,5.9968430353858e-05
ME,PL,0.8451443676693915,0.8374900952904407,0.0109959217807353,0.0176441899044248,0.007654272378950777,-0.0066482681236895,5.088765506701545e-05
CH,NO,0.9051582931790576,0.8906927910475326,0.0142840839509112,0.0177433721476182,0.014465502131524977,-0.0034592881967069992,5.004034078302429e-05
FR,GR,0.7989817384900312,0.7679404907030946,0.0201284951039494,0.0215528392495417,0.03104124778693662,-0.0014243441455922996,4.4213419557203106e-05
CY,LT,0.7870157211406633,0.8626392872316171,0.0444938149589886,0.0439121074466539,-0.07562356609095378,0.0005817075123347032,4.399079650464774e-05
IS,SE,0.8544743279425585,0.8585370051014429,0.0359305908028919,0.0254155745113755,-0.00406267715888442,0.010515016291516396,4.271911651284123e-05
AT,NO,0.8823730677705127,0.8906927910475326,0.0226218363036761,0.0177433721476182,-0.008319723277019908,0.004878464156057902,4.05874717952622e-05
ES,ME,0.8290401786416228,0.8451443676693915,0.0134509102990582,0.0109959217807353,-0.016104189027768667,0.0024549885183229,3.953559916007371e-05
AT,NL,0.8823730677705127,0.873628791112841,0.0226218363036761,0.0265766906080034,0.008744276657671746,-0.0039548543043273,3.458234017782184e-05
EE,LT,0.843115145117026,0.8626392872316171,0.0448385177503157,0.0439121074466539,-0.01952414211459108,0.0009264103036617996,1.8087366425114455e-05
HR,ME,0.7946389946133416,0.8451443676693915,0.0113382042255806,0.0109959217807353,-0.05050537305604985,0.00034228244484530053,1.728710256744871e-05
HU,SE,0.7798983692020902,0.8585370051014429,0.0255763780342704,0.0254155745113755,-0.07863863589935272,0.00016080352289489855,1.2645369688265155e-05
IT,LT,0.8641004530725265,0.8626392872316171,0.036549367447733,0.0439121074466539,0.0014611658409093842,-0.0073627399989208975,1.0758184181920411e-05
BE,SE,0.8508384950701526,0.8585370051014429,0.0262566106310072,0.0254155745113755,-0.007698510031290295,0.0008410361196317002,6.474725003662109e-06
HR,SI,0.7946389946133416,0.8574021817056523,0.0113382042255806,0.0112352493302409,-0.06276318709231066,0.00010295489533970054,6.4617773582748875e-06
DE,ES,0.8300726310692906,0.8290401786416228,0.0075398289640195,0.0134509102990582,0.001032452427667807,-0.0059110813350387,6.102910274502569e-06
