section,claim,quantity,value,source,note
4.1 item heterogeneity,aggregate recovery is moderate on the item-level metric,median between-country r,0.4433,qwen_1p_item_r_bc.csv,
4.1 item heterogeneity,threshold counts,items with r > 0.50,20,qwen_1p_item_r_bc.csv,
4.1 item heterogeneity,threshold counts,items with r > 0.70,9,qwen_1p_item_r_bc.csv,
4.1 item heterogeneity,a subset of items is inverted,items with r < 0,11,qwen_1p_item_r_bc.csv,
4.1 item heterogeneity,response direction explains most item heterogeneity,forward mean r,0.5509,qwen_1p_item_r_bc.csv,n=29
4.1 item heterogeneity,response direction explains most item heterogeneity,reverse mean r,-0.2979,qwen_1p_item_r_bc.csv,n=13
4.1 item heterogeneity,response direction explains most item heterogeneity,R^2 of r on direction,0.6576,qwen_1p_item_r_bc.csv,
4.1 item heterogeneity,recovery is substantial once direction is accounted for,sign-aligned median r,0.5353,qwen_1p_item_r_bc.csv,
4.1 item heterogeneity,the inverted items are almost all reverse-coded,inverted items that are reverse-coded,10/11,qwen_1p_item_r_bc.csv,"the exception is euftf, a bipolar policy item"
4.1 item heterogeneity,most severe inversions,two most negative items,"freehms -0.820, hmsacld -0.726",qwen_1p_item_r_bc.csv,third and fourth ranks swap between rounds; do not rank beyond the top two
4.1 item heterogeneity,the direction result survives dropping unstable items,direction R^2 (excl. vote),0.6531,qwen_1p_item_r_bc.csv,n=41
4.1 item heterogeneity,the direction result survives dropping unstable items,direction R^2 (excl. vote+hmsfmlsh+rlgatnd),0.7455,qwen_1p_item_r_bc.csv,n=39
4.1 pooled inflation,pooled correlations are mechanically inflated and must not be read as recovery,pooled r (all item x country cells),0.8217,pooled_vs_item.csv,
4.1 pooled inflation,pooled correlations are mechanically inflated,inflation over the median item-level r,0.3784,pooled_vs_item.csv,"the gap is between-item scale variation, not between-country signal"
4.2 country label,against a rich profile the country label helps forward items and harms reverse ones,"country effect, reverse items (median dr)",-0.1756,contrasts_by_direction.csv,n=13
4.2 country label,against a sparse profile the country effect is much larger,"country effect, forward items (median dr)",0.6402,contrasts_by_direction.csv,
4.2 country label,removing the political-identity variables changes nothing,"LOGO effect, forward items (median dr)",-0.0029,contrasts_by_direction.csv,paired item-level test; the condition-level median difference is misleading
4.2 country label,demographic enrichment beyond the country label contributes nothing,"enrichment effect, forward items (median dr)",-0.0225,contrasts_by_direction.csv,Wilcoxon null; see analyze_v13b output
4.2 ladder,"the cumulative curve is non-monotonic, which rules out a compositional account",median r by rung,demo_only -0.029 -> minimal +0.523 -> ses +0.397 -> political +0.287 -> full_clean +0.443,ladder_summary.csv,
4.2 ladder,the model reproduces only a fraction of true cross-national spread,between-country SD ratio by rung,demo_only 0.046 -> minimal 0.222 -> ses 0.364 -> political 0.274 -> full_clean 0.282,ladder_summary.csv,peaks at ses: compositional detail increases differentiation but misdirects it
4.3 distributional,the model compresses within-country dispersion,within-country SD ratio,0.6052,condition_summary.csv,
4.3 distributional,the model compresses between-country dispersion,between-country SD ratio,0.2821,condition_summary.csv,
4.3 distributional,correlation is blind to calibration; concordance is not,median Lin CCC,0.0357,concordance_per_variable.csv,against a median r of 0.4433; CCC = r x Cb
4.3 distributional,"almost all attainable agreement is lost to miscalibration, not to mis-ranking",median Cb (accuracy factor),0.1319,concordance_per_variable.csv,"87% of attainable agreement lost; ranking is the r term, calibration is the Cb term"
4.3 distributional,the model's country estimates are not usable as level estimates,items with negative concordance,11/42,concordance_per_variable.csv,worse than no agreement at all
4.3 distributional,size of the level displacement,median |bias| (scale points),1.1268,concordance_per_variable.csv,
4.3 country profile,country profiles are recovered well on a scale-free measure,profile r range,0.685 (BG) to 0.911 (FI),country_profile_and_mae.csv,mean 0.825
4.3 country profile,but levels are systematically off,mean range-normalized MAE,0.1947,country_profile_and_mae.csv,range 0.161 to 0.220
4.4 cross-level,item-level cross-level agreement is strong,"Pearson r(r_bc, r_ind), as-coded",0.9368,cross_level_agreement.csv,n=42
4.4 cross-level,but roughly a third of that magnitude is the shared direction failure,"Pearson, forward items only",0.7745,cross_level_agreement.csv,n=29
4.4 cross-level,but roughly a third of that magnitude is the shared direction failure,"Pearson, sign-aligned",0.8355,cross_level_agreement.csv,
4.4 cross-level,aggregate performance cannot be used to select countries for individual use,country-level r (aggregate vs individual),-0.2141,aggregate_vs_individual_by_country.csv,"n=30, 90% CI [-0.488, +0.099] — state as a bound, not a relationship"
4.4 cross-level,"cross-level agreement, with and without the shared component","r(r_bc, .) — as-coded",+0.9368 (r_ind) / +0.8540 (pooled-within),cross_level_specifications.csv,"r_ind shares a between-country component with r_bc, so the second figure is the defensible one; the forward-coded-only pooled-within value is the most conservative specification"
4.4 cross-level,"cross-level agreement, with and without the shared component","r(r_bc, .) — forward-coded only",+0.7745 (r_ind) / +0.4899 (pooled-within),cross_level_specifications.csv,"r_ind shares a between-country component with r_bc, so the second figure is the defensible one; the forward-coded-only pooled-within value is the most conservative specification"
4.4 cross-level,"cross-level agreement, with and without the shared component","r(r_bc, .) — sign-aligned",+0.8355 (r_ind) / +0.6326 (pooled-within),cross_level_specifications.csv,"r_ind shares a between-country component with r_bc, so the second figure is the defensible one; the forward-coded-only pooled-within value is the most conservative specification"
5.6 benchmarks,a regional average that knows only the coarse region outranks the model,median r: model vs LOO regional average,+0.4433 vs +0.5542,aggregate_benchmark.csv,"the regional average wins on 24/42 items, so report this as a median shift, NOT as an item-level sweep"
5.6 benchmarks,and beats it far more decisively on level accuracy,median normalised MAE: model vs LOO regional average,0.1796 vs 0.0559,aggregate_benchmark.csv,the regional average wins on 41/42 items
5.6 benchmarks,the model's level estimates are worse than the cross-country average,items where the model beats the grand mean on nMAE,2/42,aggregate_benchmark.csv,median nMAE 0.1796 against 0.0715; the grand mean cannot rank countries at all
5.6 benchmarks,almost all of the level error is a single per-item offset,error reduction from removing a per-item offset,64.2%,aggregate_benchmark.csv,"requires knowing the truth, so this is an optimistic upper bound, not achievable performance"
5.6 benchmarks,MANDATORY CAVEAT for every comparison above,framing,both comparators require survey data from other countries,aggregate_benchmark.csv,"the comparison answers 'should a researcher who already holds real data use the model to extend it', not 'is the model better than nothing'"
5.6 benchmarks,the bloc definition behind the regional comparator,blocs and their sizes,CentralEast n=12; Nordic n=4; Other n=1; Southern n=5; Western n=8,country_bloc_assignment.csv,a bloc of one falls back to the mean of all other countries
5.6 benchmarks,individual-level recovery is near zero against its own ceiling,median demographic ceiling R,0.2103,ceiling_by_variable.csv,lower bound: five linear predictors after country fixed effects
5.6 benchmarks,achieved individual-level recovery as a share of the ceiling,achieved / ceiling,20.4%,pooled_within_r_by_item.csv + ceiling_by_variable.csv,"numerator 0.0429 = pooled within-country r per item, median over items — the SAME estimator as the ceiling. Averaging the per-country correlations instead is not like-for-like, because averaging correlations attenuates relative to pooling; see analyze_v13c output for the alternative aggregations. Never use r_ind as the numerator: it carries between-country covariance."
4.5 robustness,the weighting of the human benchmark does not change conclusions,max item-level |dr| weighted vs unweighted,0.103,weight_robustness.csv,"largest mover: health; report this, not only the cross-item correlation"
4.5 robustness,coverage of scheduled responses,qwen_1p valid human-model intersection,97.74%,coverage_by_condition.csv,
4.5 robustness,third-person framing fails on long scales for Llama,llama_3p silicon parse rate,77.28%,coverage_by_condition.csv,concentrated on 0-10 items; treat llama_3p estimates as provisional
4.x anchoring experiment,verbal anchors reverse the inverted items,"DiD, raw correlation scale",0.8458,anchored_did_real_noise.csv,"reverse n=10, control n=6"
4.x anchoring experiment,empirical repeated-run noise floor,median |dr| between two unseeded runs,0.0602,anchored_did_real_noise.csv,closes the manuscript limitation that run-to-run stability was untested
4.x anchoring experiment,empirical repeated-run noise floor,max |dr| between two unseeded runs,0.1854,anchored_did_real_noise.csv,
4.x anchoring experiment,verbal anchors reverse the inverted items (primary specification),"DiD, Fisher z scale",1.0069,anchored_did_fisherz.csv,"95% CI [+0.5788, +1.4114]; 9/10 up; baseline = replicate (22-item batch, matches anchored)"
4.x anchoring experiment,anchoring does not inflate correlations in general,placebo mean signal (z),0.0289,anchored_did_fisherz.csv,long-scale forward items with endpoint-only anchors
4.x anchoring experiment,the DiD survives including the pre-excluded items,"DiD (z), all 12 reverse items",0.8499,anchored_did_fisherz.csv,"95% CI [+0.4562, +1.2441]; SAME baseline as the primary (replicate (22-item batch, matches anchored)), so this varies only the exclusion set"
4.x anchoring experiment,sensitivity to the choice of numeric baseline,"DiD (z), 42-item-batch baseline, pre-declared exclusions",0.9675,anchored_did_fisherz.csv,"the raw-scale DiD reported above uses this same baseline, so compare raw and z within a baseline, never across"
4.x 2x2 country x anchoring,"country effect on forward items, numeric scales","MEAN country effect (z), forward, numeric",0.1527,twoxtwo_country_effect.csv,"9/10 improved; estimator = mean, matching the triple difference so the four cells reconstruct it"
4.x 2x2 country x anchoring,"country effect on forward items, numeric scales (robustness)","median country effect (z), forward, numeric",0.1588,twoxtwo_country_effect.csv,robust alternative to the mean above
4.x 2x2 country x anchoring,"country effect on reverse items, numeric scales","MEAN country effect (z), reverse, numeric",-0.2417,twoxtwo_country_effect.csv,"1/10 improved; estimator = mean, matching the triple difference so the four cells reconstruct it"
4.x 2x2 country x anchoring,"country effect on reverse items, numeric scales (robustness)","median country effect (z), reverse, numeric",-0.1557,twoxtwo_country_effect.csv,robust alternative to the mean above
4.x 2x2 country x anchoring,"country effect on forward items, anchored scales","MEAN country effect (z), forward, anchored",0.215,twoxtwo_country_effect.csv,"10/10 improved; estimator = mean, matching the triple difference so the four cells reconstruct it"
4.x 2x2 country x anchoring,"country effect on forward items, anchored scales (robustness)","median country effect (z), forward, anchored",0.196,twoxtwo_country_effect.csv,robust alternative to the mean above
4.x 2x2 country x anchoring,"country effect on reverse items, anchored scales","MEAN country effect (z), reverse, anchored",0.2435,twoxtwo_country_effect.csv,"8/10 improved; estimator = mean, matching the triple difference so the four cells reconstruct it"
4.x 2x2 country x anchoring,"country effect on reverse items, anchored scales (robustness)","median country effect (z), reverse, anchored",0.1437,twoxtwo_country_effect.csv,robust alternative to the mean above
4.x 2x2 country x anchoring,anchoring removes the country label's asymmetry between forward and reverse items (single interacting mechanism),"triple difference (z), no exclusions (n=12)",0.4912,twoxtwo_triple_difference.csv,"all reverse items in batch (n=12); 95% CI [+0.1515, +0.8809]; 11/12 reverse items moved up"
4.x 2x2 country x anchoring,the gap behaves differently from the interaction,"gap (z), no exclusions (n=12)",+0.4182 -> -0.0730,twoxtwo_triple_difference.csv,overshot (sign flip); narrowed 117%
4.x 2x2 country x anchoring,anchoring removes the country label's asymmetry between forward and reverse items (single interacting mechanism),"triple difference (z), primary (pre-declared, n=10)",0.423,twoxtwo_triple_difference.csv,"analysable reverse items, pre-declared exclusions (n=10); 95% CI [+0.1259, +0.7928]; 10/10 reverse items moved up"
4.x 2x2 country x anchoring,the gap behaves differently from the interaction,"gap (z), primary (pre-declared, n=10)",+0.3944 -> -0.0286,twoxtwo_triple_difference.csv,eliminated (within noise); narrowed 107%
4.x 2x2 country x anchoring,anchoring removes the country label's asymmetry between forward and reverse items (single interacting mechanism),"triple difference (z), most conservative (n=8)",0.1636,twoxtwo_triple_difference.csv,"further excluding freehms and hmsacld (n=8); 95% CI [+0.0507, +0.2671]; 8/8 reverse items moved up"
4.x 2x2 country x anchoring,the gap behaves differently from the interaction,"gap (z), most conservative (n=8)",+0.2709 -> +0.1073,twoxtwo_triple_difference.csv,narrowed but SURVIVES; narrowed 60%
4.x 2x2 country x anchoring,the triple difference is same-signed under robust estimators,"triple difference (z), median of the per-item differences",0.2707,twoxtwo_triple_difference.csv,'median-based' is ambiguous; these two are different estimators and both are reported so a quoted figure can be identified
4.x 2x2 country x anchoring,the triple difference is same-signed under robust estimators,"triple difference (z), difference of the medians",0.2622,twoxtwo_triple_difference.csv,'median-based' is ambiguous; these two are different estimators and both are reported so a quoted figure can be identified
4.x 2x2 country x anchoring,the forward-minus-reverse gap in the country effect is eliminated,gap (z): numeric -> anchored,+0.3944 -> -0.0286,twoxtwo_triple_difference.csv,"the anchored value is within noise of zero; read as eliminated, not reversed"
5.6 benchmarks,a public macro covariate with coarse region dummies outranks the model,"median r: model vs log GDP + region, current USD",+0.4433 vs +0.6177,gdp_arm_summary.csv,"primary deflator is NY.GDP.PCAP.CD, named in the pipeline documentation before results were seen, and the weaker of the two comparators"
5.6 benchmarks,and beats it on level accuracy on every item,"median nMAE: model vs log GDP + region, current USD",0.1796 vs 0.0522,gdp_arm_headtohead.csv,the model wins on 0/42 items on nMAE and 13/42 on r
5.6 benchmarks,the comparison is unchanged under a PPP deflator,"median r and nMAE, log GDP + region, PPP",+0.6317 / 0.0527,gdp_arm_summary.csv,"robustness deflator NY.GDP.PCAP.PP.CD; slightly STRONGER than the primary, so the primary is the conservative choice"
5.6 benchmarks,one covariate alone does NOT suffice; the verdict depends on the deflator,"median r, log GDP only, USD then PPP",+0.5888 / +0.5450,gdp_arm_decomposition.csv,"against the regional mean arm's +0.5542: the covariate-alone specification wins under one deflator and loses under the other, so only the combined specification is claimed"
4.5 robustness,the benchmark comparison survives excluding the one country whose bloc is unidentified out of sample,"median r, log GDP + region, excluding Israel",+0.6741,gdp_arm_summary.csv,"Israel is the only bloc of one; every arm including the model's own r_bc is recomputed on the 29-country sample, so the row is like for like"
4.5 robustness,the two comparator arms apply different rules to a bloc of one,"Israel's range-normalised error, regression vs region mean",0.0708 vs 0.0443,gdp_il_identification.csv,the regression predicts the reference category once the dummy vanishes; the regional average falls back to the all-other-countries mean. Report the asymmetry rather than harmonising it silently
