variable,domain,cntry,country_name,survey_mean,survey_sd,silicon_mean,silicon_sd,model
sclmeet,social_trust,AT,Austria,4.97855907049627,1.1862131472556947,5.334306569343066,0.9384912269546346,llama
sclmeet,social_trust,BE,Belgium,5.115008561601236,1.4064923799551072,5.369343065693431,0.9393572864815743,llama
sclmeet,social_trust,BG,Bulgaria,4.99618382149749,1.6848498871293636,5.343065693430657,0.9415518188338913,llama
sclmeet,social_trust,CH,Switzerland,5.120404033218849,1.3015620048223844,5.328467153284672,0.9040963393386132,llama
sclmeet,social_trust,CY,Cyprus,4.063565729120625,1.6808260299062987,5.356204379562044,0.9949331660727526,llama
sclmeet,social_trust,DE,Germany,4.750274005473209,1.4910419350395807,5.3934306569343065,0.9210187262417732,llama
sclmeet,social_trust,EE,Estonia,4.268464111365069,1.5064569734447395,5.395620437956205,0.9206745408166748,llama
sclmeet,social_trust,ES,Spain,5.250413100298126,1.4669300296384136,5.339416058394161,0.914739414546775,llama
sclmeet,social_trust,FI,Finland,4.91015506669888,1.3723429550400144,5.369343065693431,0.9299721780875511,llama
sclmeet,social_trust,FR,France,5.227998279869101,1.4417715646805522,5.369343065693431,0.9283987696074982,llama
sclmeet,social_trust,GB,United Kingdom,4.825888880970069,1.545839796639787,5.388321167883212,0.9541434489959002,llama
sclmeet,social_trust,GR,Greece,4.23068100764633,1.5663897051020776,5.324087591240876,0.9113101509074543,llama
sclmeet,social_trust,HR,Croatia,5.355922756611965,1.5433309288591155,5.305109489051095,0.9994385242352908,llama
sclmeet,social_trust,HU,Hungary,3.4073398053512745,1.5184246921707605,5.25036496350365,0.9376095715766609,llama
sclmeet,social_trust,IE,Ireland,4.3086014206280145,1.5764076371688671,5.312408759124088,0.9846367554961792,llama
sclmeet,social_trust,IL,Israel,5.37946729389215,1.566948729077005,5.412408759124087,0.9433861227150591,llama
sclmeet,social_trust,IS,Iceland,5.278807458651748,1.4394663497959697,5.34014598540146,0.8932380688612376,llama
sclmeet,social_trust,IT,Italy,4.706546679320957,1.5752412935391051,5.351824817518248,0.9598749758516635,llama
sclmeet,social_trust,LT,Lithuania,4.364283230788744,1.5622693395152705,5.358394160583941,0.962957367277452,llama
sclmeet,social_trust,LV,Latvia,4.3429616960030435,1.6424937139788904,5.281021897810219,0.9681728168673991,llama
sclmeet,social_trust,ME,Montenegro,4.834985214387212,1.6015829359800529,5.36058394160584,0.9255437523213309,llama
sclmeet,social_trust,NL,Netherlands,5.398005102386256,1.2576971589608217,5.3934306569343065,0.8985209076996474,llama
sclmeet,social_trust,NO,Norway,5.688076208039842,1.3525075883274424,5.435036496350365,0.9147580801268154,llama
sclmeet,social_trust,PL,Poland,3.896722824683607,1.4430229733040592,5.370802919708029,0.9079055474180111,llama
sclmeet,social_trust,PT,Portugal,5.685409759425016,1.576563523208556,5.24963503649635,0.9973007493908552,llama
sclmeet,social_trust,RS,Serbia,5.185660516605247,1.5942757921749648,5.275912408759124,0.9645413377956167,llama
sclmeet,social_trust,SE,Sweden,5.514484949240079,1.3608053671737674,5.3802919708029195,0.896862580180395,llama
sclmeet,social_trust,SI,Slovenia,4.631734240685188,1.4881140484001878,5.363503649635036,0.9524419148847613,llama
sclmeet,social_trust,SK,Slovakia,4.72857259415562,1.5838908117692216,5.308029197080292,0.9733329123227117,llama
sclmeet,social_trust,UA,Ukraine,4.403961647625363,1.7492302415514074,5.194160583941605,1.0296600261721023,llama
inprdsc,social_trust,AT,Austria,3.118780630553028,1.1742953866443435,4.027007299270073,1.2639573777903348,llama
inprdsc,social_trust,BE,Belgium,3.249005581858395,1.392119874792085,4.155474452554745,1.2028790820232849,llama
inprdsc,social_trust,BG,Bulgaria,2.077287035540825,1.2654833628886588,4.004379562043796,1.236025310894693,llama
inprdsc,social_trust,CH,Switzerland,3.5672430918798415,1.2546165765107025,4.040875912408759,1.2129632860932633,llama
inprdsc,social_trust,CY,Cyprus,2.429658750415173,1.2914148054142078,4.05985401459854,1.2713360296532668,llama
inprdsc,social_trust,DE,Germany,3.508134966369809,1.1978906541310246,4.116788321167883,1.2058925344083393,llama
inprdsc,social_trust,EE,Estonia,2.5808046896837573,1.3664122962604637,4.201459854014598,1.2004498061374886,llama
inprdsc,social_trust,ES,Spain,2.889223323462987,1.3851422121984767,3.9836496350364965,1.2228674455334996,llama
inprdsc,social_trust,FI,Finland,3.2591695206650804,1.2740084057461003,4.158394160583941,1.2360710685537297,llama
inprdsc,social_trust,FR,France,2.834623969006955,1.4605348263872133,4.186131386861314,1.2148678412079001,llama
inprdsc,social_trust,GB,United Kingdom,3.16034956015881,1.3832269727107982,4.107299270072993,1.2491889202807147,llama
inprdsc,social_trust,GR,Greece,2.3001774709007434,1.208559756779504,4.149635036496351,1.2570923988933531,llama
inprdsc,social_trust,HR,Croatia,2.2941152783671246,1.422859648476235,4.056934306569343,1.2743416842174644,llama
inprdsc,social_trust,HU,Hungary,2.598329752384808,1.230743088053047,4.108759124087591,1.263608638506865,llama
inprdsc,social_trust,IE,Ireland,2.7380058098736266,1.332686531536047,4.021167883211679,1.2330387662060767,llama
inprdsc,social_trust,IL,Israel,2.4812293357499633,1.4132878598805871,4.261313868613139,1.2426537448963977,llama
inprdsc,social_trust,IS,Iceland,3.671481858006674,1.317456305642698,4.187591240875912,1.2248311290377984,llama
inprdsc,social_trust,IT,Italy,2.183433433926192,1.2779320478931364,4.065693430656935,1.2304279408294252,llama
inprdsc,social_trust,LT,Lithuania,2.1369766166296262,1.3544109428510231,4.169343065693431,1.1587174072200181,llama
inprdsc,social_trust,LV,Latvia,1.8116237136593292,1.2881659791877138,4.193430656934306,1.2984023234356996,llama
inprdsc,social_trust,ME,Montenegro,2.1663481487525504,1.1666499399605834,4.065693430656935,1.2280492516008328,llama
inprdsc,social_trust,NL,Netherlands,3.7088828570517682,1.283208311296253,4.197080291970803,1.2177981764293024,llama
inprdsc,social_trust,NO,Norway,3.227762827620148,1.4498231395247019,4.153284671532846,1.2166036450206617,llama
inprdsc,social_trust,PL,Poland,3.1281270388376403,1.4096043170643204,4.083211678832117,1.2680030659671142,llama
inprdsc,social_trust,PT,Portugal,2.2558309190788615,1.3613593845490315,3.978102189781022,1.2811450543793608,llama
inprdsc,social_trust,RS,Serbia,2.567237857631098,1.4134188192546682,4.1197080291970805,1.22007090533445,llama
inprdsc,social_trust,SE,Sweden,3.8066124907958425,1.2668089879502242,4.224817518248175,1.2219831584186192,llama
inprdsc,social_trust,SI,Slovenia,2.795537682887412,1.3412053782065898,4.155474452554745,1.222170901183699,llama
inprdsc,social_trust,SK,Slovakia,1.9473222705088136,1.1682652569916379,4.04963503649635,1.2709141669771726,llama
inprdsc,social_trust,UA,Ukraine,2.211819332304769,1.3882518522667766,4.032846715328467,1.2713158841714562,llama
stfdem,political,AT,Austria,5.795551925183848,2.5244039995514704,7.262189781021898,1.3976749256707142,llama
stfdem,political,BE,Belgium,5.182805903196197,2.3865646291443854,7.365547445255474,1.398614038126072,llama
stfdem,political,BG,Bulgaria,3.345957593389132,2.389999712039281,7.388175182481751,1.3472379254407008,llama
stfdem,political,CH,Switzerland,7.56247036533076,1.683445748396554,7.292700729927008,1.359794179283794,llama
stfdem,political,CY,Cyprus,4.406779475086675,2.347149478693197,7.212992700729926,1.5161770777957277,llama
stfdem,political,DE,Germany,5.545818977658347,2.7185355902907555,7.394014598540146,1.2931587080598481,llama
stfdem,political,EE,Estonia,5.22721288753493,2.5582260200437856,7.434744525547444,1.2518834233625813,llama
stfdem,political,ES,Spain,4.778082098901733,2.5349581336364486,7.266715328467153,1.332280894666712,llama
stfdem,political,FI,Finland,6.741465913056558,1.9636296674315314,7.421751824817518,1.3111230721213238,llama
stfdem,political,FR,France,4.305012268811358,2.514246595893705,7.267007299270072,1.4290298333367732,llama
stfdem,political,GB,United Kingdom,4.494947856238885,2.617061205631026,7.300729927007299,1.4341234231206936,llama
stfdem,political,GR,Greece,4.182779495226115,2.157520501595945,7.38043795620438,1.3480752298954999,llama
stfdem,political,HR,Croatia,4.472592596383696,2.5378221319688405,7.284087591240876,1.4015950368374306,llama
stfdem,political,HU,Hungary,4.382887230671318,2.6638131065423503,7.340291970802919,1.4758226676018251,llama
stfdem,political,IE,Ireland,5.78448915317907,2.27866079594196,7.3918248175182475,1.3089627042353411,llama
stfdem,political,IL,Israel,4.252040313322515,2.747872552070624,7.287737226277373,1.4278951264895225,llama
stfdem,political,IS,Iceland,5.8824026600111425,2.272405652680811,7.208905109489051,1.4395396431698158,llama
stfdem,political,IT,Italy,5.130815160709393,2.0846916209904416,7.397810218978102,1.2781032154828433,llama
stfdem,political,LT,Lithuania,4.574857355022262,2.410861600256052,7.318686131386862,1.3949160078249614,llama
stfdem,political,LV,Latvia,4.246869083229774,2.4390267760652473,7.365547445255474,1.3869625399744725,llama
stfdem,political,ME,Montenegro,4.176534491636248,2.5802896568015807,7.074890510948905,1.5684424970809712,llama
stfdem,political,NL,Netherlands,5.936205591465354,2.078408741443333,7.338978102189781,1.3015674786835174,llama
stfdem,political,NO,Norway,7.2146975468472805,2.082614524813177,7.309051094890511,1.401066784043647,llama
stfdem,political,PL,Poland,5.138550427476645,2.3767364162321356,7.325839416058392,1.4531537805227674,llama
stfdem,political,PT,Portugal,4.685337986277323,2.3915689544469387,7.243211678832117,1.4086205636228184,llama
stfdem,political,RS,Serbia,3.8520056691404525,3.0167915835283035,7.319999999999999,1.4385136903856357,llama
stfdem,political,SE,Sweden,6.567043743724975,2.175495957021821,7.41883211678832,1.3089363710770694,llama
stfdem,political,SI,Slovenia,4.919733489476906,2.3452548113037253,7.41956204379562,1.305934424155611,llama
stfdem,political,SK,Slovakia,4.9175346771760795,2.678245139306602,7.196058394160584,1.4759769079638227,llama
stfdem,political,UA,Ukraine,2.92444960662641,2.63422996055466,7.061313868613139,1.6209090734652216,llama
polintr,political,AT,Austria,2.4547384937785983,0.9451535772834191,2.4145985401459855,0.6156511488922672,llama
polintr,political,BE,Belgium,2.6600712960145447,0.9266514161485133,2.427007299270073,0.6407807337748632,llama
polintr,political,BG,Bulgaria,2.9004839639486617,0.8905590486262941,2.4503649635036497,0.7074296699686378,llama
polintr,political,CH,Switzerland,2.4221674153798274,0.9169166691677192,2.421167883211679,0.6314643078325324,llama
polintr,political,CY,Cyprus,2.9759581549872625,0.9464163962391792,2.424087591240876,0.7143603800257095,llama
polintr,political,DE,Germany,2.335726481029816,0.9106218676205067,2.4029197080291973,0.6492169829203448,llama
polintr,political,EE,Estonia,2.6443262976892985,0.850185551151809,2.4255474452554746,0.6563933438079368,llama
polintr,political,ES,Spain,2.7485941425241296,1.0134610620130429,2.435766423357664,0.7010578083334831,llama
polintr,political,FI,Finland,2.2407843653101502,0.7790287075638991,2.408029197080292,0.6580649457542126,llama
polintr,political,FR,France,2.658759358424714,0.9653820372660329,2.4226277372262772,0.6736468677622541,llama
polintr,political,GB,United Kingdom,2.5110910387053975,0.9914488060551393,2.418978102189781,0.6890468082109877,llama
polintr,political,GR,Greece,2.9002046633846286,0.9639196736010638,2.472992700729927,0.6641953811436869,llama
polintr,political,HR,Croatia,3.0240396648267,0.9305850782478338,2.5094890510948904,0.7180711667640198,llama
polintr,political,HU,Hungary,2.7535411258208278,0.9198558225391383,2.4394160583941606,0.6799507275141443,llama
polintr,political,IE,Ireland,2.6359165070327637,0.9657476643159857,2.4583941605839414,0.7045842305768326,llama
polintr,political,IL,Israel,2.447442839207694,1.0230894939105857,2.462773722627737,0.7446698804755283,llama
polintr,political,IS,Iceland,2.405532385956208,0.9176495535120655,2.421167883211679,0.6680282867884114,llama
polintr,political,IT,Italy,3.00708233065885,0.8432736383469229,2.508029197080292,0.6958585082283392,llama
polintr,political,LT,Lithuania,2.7693064441571806,0.7601246187742123,2.4824817518248175,0.6948955294255676,llama
polintr,political,LV,Latvia,2.9474422149150334,0.8112785985044871,2.4642335766423358,0.694457719598218,llama
polintr,political,ME,Montenegro,2.956087586463116,0.846965603333293,2.472262773722628,0.6898099076026657,llama
polintr,political,NL,Netherlands,2.3430692690137467,0.8498537288249974,2.432846715328467,0.6632709008187884,llama
polintr,political,NO,Norway,2.514350938533622,0.7965049246631382,2.3715328467153283,0.6365969587435242,llama
polintr,political,PL,Poland,2.5559100924678884,0.8306258933227216,2.4671532846715327,0.702970877031786,llama
polintr,political,PT,Portugal,2.8194495263177086,1.0126034640312167,2.44963503649635,0.6813218241113485,llama
polintr,political,RS,Serbia,3.0522158755558984,0.8908439581576322,2.4664233576642336,0.6745452629248267,llama
polintr,political,SE,Sweden,2.1705131773500685,0.8234276538579621,2.358394160583942,0.64805628588376,llama
polintr,political,SI,Slovenia,2.7169428484465956,0.8737747745474248,2.483941605839416,0.6917679672850898,llama
polintr,political,SK,Slovakia,2.779801422127224,0.8472630479734179,2.424817518248175,0.6615793859418451,llama
polintr,political,UA,Ukraine,2.7396657538670346,0.9256292617482332,2.5072992700729926,0.7137573584483964,llama
psppipla,political,AT,Austria,2.3485664758821696,0.8566886458081991,3.9394160583941606,0.8322236176303525,llama
psppipla,political,BE,Belgium,2.13617152706481,0.9075557836275948,3.97007299270073,0.8473699389155402,llama
psppipla,political,BG,Bulgaria,1.6942362499739123,0.87775771429061,3.9554744525547445,0.8705647582172635,llama
psppipla,political,CH,Switzerland,2.925982779006587,0.9852906409289107,3.948905109489051,0.8491582337202576,llama
psppipla,political,CY,Cyprus,1.8534503490367205,1.0127843077196175,3.948905109489051,0.840940436063113,llama
psppipla,political,DE,Germany,2.487903050233573,0.9385560771030744,3.9065693430656934,0.846406609767893,llama
psppipla,political,EE,Estonia,2.1195243542575155,0.8833491059661029,4.01970802919708,0.8061205393643965,llama
psppipla,political,ES,Spain,1.854915319379539,0.8454162917878774,3.997810218978102,0.8504786365917304,llama
psppipla,political,FI,Finland,2.719963352443456,0.8283100335192526,4.039416058394161,0.7574539594054176,llama
psppipla,political,FR,France,2.040170208005676,0.9328773538672157,3.918978102189781,0.8733826193668972,llama
psppipla,political,GB,United Kingdom,2.0858582660203373,0.8307741434463174,3.9832116788321166,0.8338217290805016,llama
psppipla,political,GR,Greece,2.0439646230330513,0.976032462119943,3.9708029197080292,0.828420658316755,llama
psppipla,political,HR,Croatia,1.646717445797756,0.7626765159029129,3.9386861313868615,0.8880499840377712,llama
psppipla,political,HU,Hungary,1.8850817858135287,0.8625218071784286,3.8934306569343065,0.8607086346361008,llama
psppipla,political,IE,Ireland,2.1853015288609527,0.9155474991392569,3.9007299270072995,0.8628539912912702,llama
psppipla,political,IL,Israel,2.0573491368573285,1.018262378135492,3.954014598540146,0.8721666405620992,llama
psppipla,political,IS,Iceland,2.641453267592207,0.8256936225348067,3.978102189781022,0.8255527413335069,llama
psppipla,political,IT,Italy,1.7604583386620682,0.7721640887631731,3.9408759124087593,0.8692736384800627,llama
psppipla,political,LT,Lithuania,2.0074403120569206,0.932473464394509,3.9525547445255476,0.8491550919420846,llama
psppipla,political,LV,Latvia,1.8076589637221125,0.9176440352175285,3.9693430656934305,0.8851076225402716,llama
psppipla,political,ME,Montenegro,2.1042526405745456,0.8978556808468559,3.97007299270073,0.8610619177755009,llama
psppipla,political,NL,Netherlands,2.4346389167639173,0.9230480100889776,3.9467153284671532,0.8225665062155981,llama
psppipla,political,NO,Norway,2.9425643516761286,0.914134339029534,3.999270072992701,0.8207378250932129,llama
psppipla,political,PL,Poland,2.1159541509433017,0.8349147296022332,3.935036496350365,0.8780619975110451,llama
psppipla,political,PT,Portugal,1.8339098330735701,0.9171098485792573,3.8715328467153283,0.8422287427611137,llama
psppipla,political,RS,Serbia,1.9334856238883207,1.0320658031992804,3.9832116788321166,0.8939014741443493,llama
psppipla,political,SE,Sweden,2.827382571754578,0.8860823668252509,4.0379562043795625,0.7584929836631805,llama
psppipla,political,SI,Slovenia,2.1128622969847135,0.8172903125787805,3.921167883211679,0.8556170319715196,llama
psppipla,political,SK,Slovakia,1.9541371691670721,0.8752626607263215,3.8781021897810217,0.8631266541597061,llama
psppipla,political,UA,Ukraine,1.6709499625586026,0.956887839658614,3.856204379562044,0.9093295931867162,llama
psppsgva,political,AT,Austria,2.3193966188741926,0.8703880846344457,3.9985401459854013,0.832015220833615,llama
psppsgva,political,BE,Belgium,2.1530505361912753,0.877857985500819,4.081751824817518,0.7955669369603859,llama
psppsgva,political,BG,Bulgaria,2.0502500126245597,1.1437354898071712,4.061313868613139,0.8231170409111784,llama
psppsgva,political,CH,Switzerland,3.209170347803247,0.9722550592682613,4.031386861313869,0.7980011418173174,llama
psppsgva,political,CY,Cyprus,1.85783217801057,0.9686134761632819,4.046715328467153,0.8398909612195972,llama
psppsgva,political,DE,Germany,2.493363160809412,0.9732761550528409,4.005839416058394,0.8209399853553327,llama
psppsgva,political,EE,Estonia,2.222444075016699,0.941670031874551,4.075182481751825,0.8001079077350428,llama
psppsgva,political,ES,Spain,2.079969878203989,0.9585821864542219,4.0445255474452555,0.8275165152703626,llama
psppsgva,political,FI,Finland,2.463346166400832,0.8097329921150951,4.094160583941606,0.7743858558285145,llama
psppsgva,political,FR,France,2.1188535078790895,0.8996060982621074,4.0781021897810215,0.8219143365804519,llama
psppsgva,political,GB,United Kingdom,2.1788336277011933,0.8723528492925318,4.056934306569343,0.8405647311870101,llama
psppsgva,political,GR,Greece,2.037766829714706,1.0304042697617966,4.1007299270073,0.8236717422263836,llama
psppsgva,political,HR,Croatia,1.6457884669787406,0.7858366327570453,3.997080291970803,0.8385748846173642,llama
psppsgva,political,HU,Hungary,2.0079709396734056,0.9855327170227215,4.028467153284671,0.7962768723705012,llama
psppsgva,political,IE,Ireland,2.272287546382416,0.9500184958503455,4.091240875912408,0.7952228026968644,llama
psppsgva,political,IL,Israel,1.962432274318939,1.026544621885484,4.083941605839416,0.8262181841458145,llama
psppsgva,political,IS,Iceland,2.5959422073897698,0.8513607807991915,4.087591240875913,0.7749217330291017,llama
psppsgva,political,IT,Italy,1.733402885908017,0.7654992145531224,4.032116788321168,0.8163116223006508,llama
psppsgva,political,LT,Lithuania,2.2035638846258188,0.9667174956064883,4.0715328467153284,0.801583676003878,llama
psppsgva,political,LV,Latvia,1.8709990652235167,0.9648869301716746,4.101459854014599,0.8517255791636957,llama
psppsgva,political,ME,Montenegro,2.1775768149696137,0.8816083473708743,4.045985401459854,0.8423212322303785,llama
psppsgva,political,NL,Netherlands,2.520502740655418,0.9263930468303992,4.131386861313868,0.7828340910784405,llama
psppsgva,political,NO,Norway,2.8546836195152268,0.8551573318979147,4.144525547445255,0.7479914340314235,llama
psppsgva,political,PL,Poland,2.259208424818116,0.9025109685040982,4.094160583941606,0.8090105160693336,llama
psppsgva,political,PT,Portugal,2.0314592692315667,0.9777170630242956,3.962043795620438,0.8698265091234437,llama
psppsgva,political,RS,Serbia,1.8554453058006242,1.0459064012863455,4.062043795620438,0.8259436731978239,llama
psppsgva,political,SE,Sweden,2.688588773731168,0.8934600691065927,4.197080291970803,0.7054447402564359,llama
psppsgva,political,SI,Slovenia,2.138670135863047,0.8468801031590536,4.083941605839416,0.7750904094258728,llama
psppsgva,political,SK,Slovakia,2.02825644229242,0.9418627230925746,3.98978102189781,0.8701754773235175,llama
psppsgva,political,UA,Ukraine,1.7997523689337624,1.0063426365249366,3.9635036496350367,0.892289576846356,llama
actrolga,efficacy,AT,Austria,2.360062191223054,1.0669795296795501,3.7613138686131387,0.782880437868669,llama
actrolga,efficacy,BE,Belgium,2.115275861331064,1.0246591138385353,3.818248175182482,0.7738620185143801,llama
actrolga,efficacy,BG,Bulgaria,1.9029019506952891,1.17280912478623,3.75985401459854,0.7692424174379362,llama
actrolga,efficacy,CH,Switzerland,2.338362606230354,1.110605461537031,3.7613138686131387,0.7639777574743701,llama
actrolga,efficacy,CY,Cyprus,2.0119500942718256,1.0928138722798841,3.778102189781022,0.8234248944460226,llama
actrolga,efficacy,DE,Germany,2.1704045969903616,1.0348641553008593,3.808029197080292,0.7637682046873341,llama
actrolga,efficacy,EE,Estonia,2.0453270269830695,1.0188764821747993,3.8854014598540147,0.7504910815247294,llama
actrolga,efficacy,ES,Spain,1.8949374822903193,1.0498830321174317,3.781021897810219,0.7786001878010057,llama
actrolga,efficacy,FI,Finland,2.4156188644937275,1.0507217265960367,3.9065693430656934,0.7275092069072402,llama
actrolga,efficacy,FR,France,2.075695473266248,1.094205195368371,3.806423357664234,0.7610700927006194,llama
actrolga,efficacy,GB,United Kingdom,2.2689636323061086,1.0995314617436351,3.8,0.8192672521279956,llama
actrolga,efficacy,GR,Greece,2.185392249640713,1.0278805398620388,3.7635036496350365,0.7639421375558781,llama
actrolga,efficacy,HR,Croatia,1.784089368311354,1.0468308823450982,3.7416058394160583,0.8108945980142293,llama
actrolga,efficacy,HU,Hungary,1.9633041840322543,1.0113249410044443,3.718248175182482,0.8482195817044486,llama
actrolga,efficacy,IE,Ireland,2.3037648462898677,1.1069928781223484,3.74014598540146,0.8216247501865395,llama
actrolga,efficacy,IL,Israel,2.11740885990875,1.1727991176975374,3.8547445255474453,0.7773258631377713,llama
actrolga,efficacy,IS,Iceland,2.6080921197716784,1.087945761044902,3.983941605839416,0.7038151646979632,llama
actrolga,efficacy,IT,Italy,1.822327627454578,0.877476527617054,3.71970802919708,0.8044866344680792,llama
actrolga,efficacy,LT,Lithuania,1.963838594140131,0.9733989143686933,3.805109489051095,0.7767943920165141,llama
actrolga,efficacy,LV,Latvia,1.5356942878819717,0.7097815735878821,3.7262773722627736,0.8279890096765364,llama
actrolga,efficacy,ME,Montenegro,2.1225811349452295,0.9421551463710266,3.7868613138686134,0.8208554871218425,llama
actrolga,efficacy,NL,Netherlands,2.0780062524434406,1.0888467240634798,3.837956204379562,0.7808126096653875,llama
actrolga,efficacy,NO,Norway,2.6076304127676564,1.0947123476303535,3.9554744525547445,0.6752646988067427,llama
actrolga,efficacy,PL,Poland,2.090930901431472,1.0154541129838304,3.7868613138686134,0.8082919611629991,llama
actrolga,efficacy,PT,Portugal,1.7593740788367676,1.018211503462485,3.713868613138686,0.816423386763844,llama
actrolga,efficacy,RS,Serbia,1.9132144482547229,1.1688216569656082,3.716788321167883,0.8355732478334765,llama
actrolga,efficacy,SE,Sweden,2.6423151680584636,1.0918545427669148,3.9817518248175183,0.7148404903355204,llama
actrolga,efficacy,SI,Slovenia,1.9712686705573756,0.9928447281360491,3.770802919708029,0.7483080900620289,llama
actrolga,efficacy,SK,Slovakia,1.868476483742559,0.9199427236111426,3.678102189781022,0.8104503232056156,llama
actrolga,efficacy,UA,Ukraine,1.748233991574511,1.0118794778870175,3.691970802919708,0.8651858464248513,llama
cptppola,efficacy,AT,Austria,2.722022452632956,1.199636203824149,3.8985401459854017,0.7366735533396302,llama
cptppola,efficacy,BE,Belgium,2.0443776544450745,1.0290845112164275,3.959124087591241,0.7074741687807683,llama
cptppola,efficacy,BG,Bulgaria,2.1144918277283926,1.121158813098891,3.8897810218978104,0.7722607382775063,llama
cptppola,efficacy,CH,Switzerland,2.7075158443151643,1.0614031466929674,3.9284671532846716,0.7309919665310736,llama
cptppola,efficacy,CY,Cyprus,2.0561790016847135,1.0973285271190274,3.8854014598540147,0.7912663019010614,llama
cptppola,efficacy,DE,Germany,2.5743790612120034,1.0734208741676388,3.9036496350364964,0.7356232945270902,llama
cptppola,efficacy,EE,Estonia,1.877113993648144,0.9196848483145372,4.005839416058394,0.665543618035986,llama
cptppola,efficacy,ES,Spain,2.214110323875781,1.1775444561554924,3.9036496350364964,0.7752955255376663,llama
cptppola,efficacy,FI,Finland,2.2865465020469147,0.9576168280041062,4.039416058394161,0.6599837921359143,llama
cptppola,efficacy,FR,France,2.180147948320813,0.9874977948773156,3.9043795620437955,0.717866051981515,llama
cptppola,efficacy,GB,United Kingdom,2.3165698562125576,1.0783771745967745,3.913138686131387,0.7464161467113172,llama
cptppola,efficacy,GR,Greece,2.315689573550337,1.0390720058075422,3.9335766423357663,0.7504654863731227,llama
cptppola,efficacy,HR,Croatia,1.8203510539105203,0.9374764043066067,3.8905109489051095,0.7327832078982207,llama
cptppola,efficacy,HU,Hungary,1.9002890329608977,0.9599319264575873,3.870802919708029,0.8027875943416725,llama
cptppola,efficacy,IE,Ireland,2.249292472554973,1.1144628393846572,3.883211678832117,0.8067305816952478,llama
cptppola,efficacy,IL,Israel,2.110375003285951,1.1794141012883828,3.9905109489051096,0.7425933705522378,llama
cptppola,efficacy,IS,Iceland,2.7486483449941344,1.0369140807170711,4.0102189781021895,0.6736785496331291,llama
cptppola,efficacy,IT,Italy,2.0131524448099043,0.8602533569512344,3.9072992700729925,0.7764474350339574,llama
cptppola,efficacy,LT,Lithuania,1.9640952699623115,0.9666747400226601,3.9467153284671532,0.736779293495124,llama
cptppola,efficacy,LV,Latvia,1.6006501763635819,0.8271079292850201,3.9153284671532846,0.7700431474723597,llama
cptppola,efficacy,ME,Montenegro,2.160782232706074,1.0329913248927622,3.962043795620438,0.7618586255537187,llama
cptppola,efficacy,NL,Netherlands,2.101668153905468,1.0765970118124921,3.9846715328467153,0.6962609528518845,llama
cptppola,efficacy,NO,Norway,2.6187482792528947,1.0727982194528864,4.005109489051095,0.6502722290800601,llama
cptppola,efficacy,PL,Poland,1.9300081759179204,0.9226357826378481,3.908759124087591,0.7449120255520763,llama
cptppola,efficacy,PT,Portugal,1.7280164727772018,0.9490430688999286,3.8773722627737226,0.783323320272876,llama
cptppola,efficacy,RS,Serbia,1.8995170692372243,1.1386062417072487,3.9058394160583942,0.7715487598298503,llama
cptppola,efficacy,SE,Sweden,2.6529324090450634,1.057827280494317,4.014598540145985,0.6832948369542917,llama
cptppola,efficacy,SI,Slovenia,1.9722416237706597,0.9637675445306043,3.9167883211678833,0.7475661623661598,llama
cptppola,efficacy,SK,Slovakia,1.621899790036209,0.8634200998321819,3.8788321167883213,0.7344320573887146,llama
cptppola,efficacy,UA,Ukraine,1.7252724626659504,1.0353239048795415,3.8167883211678832,0.8135879439577899,llama
trstplc,inst_trust,AT,Austria,7.048198702400107,2.3299292139289602,6.906569343065693,1.5257537864593473,llama
trstplc,inst_trust,BE,Belgium,6.481846683689832,2.1348624084842096,7.004817518248175,1.4930512060161332,llama
trstplc,inst_trust,BG,Bulgaria,5.184958703759927,2.8147241541045096,7.116642335766423,1.4417492002398327,llama
trstplc,inst_trust,CH,Switzerland,7.32249972900217,1.9502362133668902,6.965109489051094,1.5358656229237089,llama
trstplc,inst_trust,CY,Cyprus,5.093593287394825,2.602201706540397,6.87036496350365,1.6345360809539322,llama
trstplc,inst_trust,DE,Germany,7.004467206225458,2.112825816430906,6.949051094890511,1.5298931102113131,llama
trstplc,inst_trust,EE,Estonia,7.451618857814621,2.145865473139831,7.096204379562043,1.4702856722990691,llama
trstplc,inst_trust,ES,Spain,6.882325569432233,2.402605682884896,6.926277372262773,1.6469744577474834,llama
trstplc,inst_trust,FI,Finland,8.36650961396084,1.4188422090457942,6.97007299270073,1.5320821059785268,llama
trstplc,inst_trust,FR,France,6.521489045769595,2.2468552023670956,6.949197080291972,1.5058327427421248,llama
trstplc,inst_trust,GB,United Kingdom,5.84353719624166,2.528930687537436,6.954452554744526,1.5409132439252171,llama
trstplc,inst_trust,GR,Greece,5.851565485960466,2.389356055870539,6.957810218978103,1.4744960063365506,llama
trstplc,inst_trust,HR,Croatia,5.391691659108795,2.572495577309672,6.950656934306569,1.5483872974088677,llama
trstplc,inst_trust,HU,Hungary,6.323114992395225,2.5514012895441174,6.951094890510949,1.579340153333029,llama
trstplc,inst_trust,IE,Ireland,6.34225194768484,2.417847478632362,6.989489051094891,1.5865684038052206,llama
trstplc,inst_trust,IL,Israel,4.731499091666773,2.803993866551745,6.774306569343065,1.6559779162459285,llama
trstplc,inst_trust,IS,Iceland,6.880903752638397,2.286741214103045,6.854160583941606,1.5807507295307313,llama
trstplc,inst_trust,IT,Italy,6.735453139431022,2.03696389366766,6.989051094890511,1.5455216776730842,llama
trstplc,inst_trust,LT,Lithuania,6.840907731460925,2.3620641004973,7.03094890510949,1.520235767347015,llama
trstplc,inst_trust,LV,Latvia,5.345565623059908,2.565313030311234,6.935912408759124,1.590706082301119,llama
trstplc,inst_trust,ME,Montenegro,5.33831741989394,2.289400230773549,6.812846715328467,1.5229179771300718,llama
trstplc,inst_trust,NL,Netherlands,7.031936952279682,1.6731356506046635,7.0217518248175175,1.52299427001751,llama
trstplc,inst_trust,NO,Norway,7.497281115481987,2.131882331185733,7.043649635036496,1.5104726400577968,llama
trstplc,inst_trust,PL,Poland,5.144209820314441,2.6126205890611636,7.061459854014598,1.4983824319892871,llama
trstplc,inst_trust,PT,Portugal,6.35140123530796,2.37199949180341,6.889051094890511,1.6924358216911477,llama
trstplc,inst_trust,RS,Serbia,5.298439353393637,3.0755522567357465,7.016204379562044,1.5094972883152469,llama
trstplc,inst_trust,SE,Sweden,7.010517082776527,2.0695476008677933,6.84029197080292,1.5940807639137617,llama
trstplc,inst_trust,SI,Slovenia,6.298202965670212,2.39963246963771,7.0249635036496345,1.4987827049373386,llama
trstplc,inst_trust,SK,Slovakia,5.715810942457989,2.5968965560218478,6.822043795620437,1.5981244209215397,llama
trstplc,inst_trust,UA,Ukraine,3.346869383787289,2.882555307976165,6.740583941605839,1.6922906404427271,llama
happy,wellbeing,AT,Austria,7.76090373708049,1.6476809008987041,7.324671532846715,1.197959431636285,llama
happy,wellbeing,BE,Belgium,7.693888917247725,1.5948426862606622,7.454160583941606,1.159741755343567,llama
happy,wellbeing,BG,Bulgaria,6.2599013533973995,2.1058326813703254,7.425985401459853,1.1727394952687402,llama
happy,wellbeing,CH,Switzerland,8.143443693353284,1.4784609167560088,7.518394160583942,1.0757346419302913,llama
happy,wellbeing,CY,Cyprus,6.987720510210006,2.0375544046536445,7.414744525547446,1.225043906774885,llama
happy,wellbeing,DE,Germany,7.770826781915745,1.6481961735890556,7.466861313868612,1.1067824869540066,llama
happy,wellbeing,EE,Estonia,7.392975022060044,1.8125399321856848,7.461167883211679,1.1373940832980405,llama
happy,wellbeing,ES,Spain,7.9068639433129615,1.5083333876993539,7.426861313868613,1.204405747421627,llama
happy,wellbeing,FI,Finland,8.056294696497618,1.4941446726890395,7.497810218978103,1.139179141301881,llama
happy,wellbeing,FR,France,7.484937725116078,1.5824931766151542,7.456934306569343,1.1259560992733817,llama
happy,wellbeing,GB,United Kingdom,7.58670240724883,1.8928609716961053,7.314306569343066,1.1867074428858362,llama
happy,wellbeing,GR,Greece,6.842498028815976,1.5533308312932954,7.4848175182481755,1.0820992310742543,llama
happy,wellbeing,HR,Croatia,7.57452763307812,1.8953856307718508,7.392700729927007,1.2353607705467657,llama
happy,wellbeing,HU,Hungary,7.213928510077665,1.949751769688737,7.439124087591241,1.1523250551929227,llama
happy,wellbeing,IE,Ireland,7.656938166322823,1.5969945819593403,7.443795620437956,1.1736795064662755,llama
happy,wellbeing,IL,Israel,7.378506798276478,1.9589332675006683,7.462919708029197,1.26154212726544,llama
happy,wellbeing,IS,Iceland,7.795136804185614,1.6901819986040958,7.363503649635036,1.2269319359680702,llama
happy,wellbeing,IT,Italy,6.866632272435569,1.7736600966317824,7.442043795620437,1.1412066166732424,llama
happy,wellbeing,LT,Lithuania,7.462256314361242,1.9640572400944816,7.424379562043796,1.1920563473486452,llama
happy,wellbeing,LV,Latvia,6.942492161894379,2.010490673099773,7.4162043795620445,1.2066277323531542,llama
happy,wellbeing,ME,Montenegro,6.598538405658492,1.9929676150976603,7.3329927007299265,1.2083858820778743,llama
happy,wellbeing,NL,Netherlands,7.967482570449453,1.2594481552897474,7.487445255474452,1.1126413631173828,llama
happy,wellbeing,NO,Norway,7.874301227891386,1.6412667294737115,7.4505109489051105,1.114925535215627,llama
happy,wellbeing,PL,Poland,7.580291683668927,1.9297359190706487,7.46160583941606,1.1481234585136055,llama
happy,wellbeing,PT,Portugal,7.18890332891691,1.9345513767482962,7.295036496350366,1.3003503374583547,llama
happy,wellbeing,RS,Serbia,7.293745610623994,2.1956271452212994,7.503211678832116,1.1586522559231494,llama
happy,wellbeing,SE,Sweden,7.653675579018058,1.651322113708472,7.508759124087591,1.0168517556967482,llama
happy,wellbeing,SI,Slovenia,7.741530514531192,1.7814239483325474,7.477372262773723,1.155813724439968,llama
happy,wellbeing,SK,Slovakia,6.821599780133437,2.1340105043999387,7.325255474452554,1.273419832813317,llama
happy,wellbeing,UA,Ukraine,6.148338386295668,2.6702456732390303,7.162189781021897,1.3950155186462412,llama
stflife,wellbeing,AT,Austria,7.78814385622568,1.663509124198267,7.465839416058395,1.2209553362999912,llama
stflife,wellbeing,BE,Belgium,7.309428021722151,1.8917094461027428,7.53839416058394,1.2408261217001102,llama
stflife,wellbeing,BG,Bulgaria,6.042474309791918,2.2120628343463418,7.555182481751825,1.1116305013908563,llama
stflife,wellbeing,CH,Switzerland,8.117545251532318,1.5615082032326784,7.530510948905109,1.2233308960537193,llama
stflife,wellbeing,CY,Cyprus,6.3500031076829355,2.4105596498933695,7.37956204379562,1.2813974169154891,llama
stflife,wellbeing,DE,Germany,7.5174226887125135,1.8370147717535326,7.521313868613139,1.1909556936376624,llama
stflife,wellbeing,EE,Estonia,6.995530555906337,2.0155902024685055,7.621897810218978,1.154429261309043,llama
stflife,wellbeing,ES,Spain,7.498474456930226,1.8224070220472202,7.466423357664233,1.2243674445278687,llama
stflife,wellbeing,FI,Finland,7.884236327112843,1.6106494607761095,7.602627737226277,1.176124117048539,llama
stflife,wellbeing,FR,France,6.770231955192009,2.2774602348290798,7.547591240875913,1.2096278761476915,llama
stflife,wellbeing,GB,United Kingdom,7.076060810502419,2.0857563950905624,7.495182481751825,1.2150939740507867,llama
stflife,wellbeing,GR,Greece,6.412675488700161,1.9600409763547444,7.485985401459853,1.1648390822366277,llama
stflife,wellbeing,HR,Croatia,7.254634337219264,2.1096005755584524,7.49021897810219,1.2320194917296876,llama
stflife,wellbeing,HU,Hungary,6.621330451773505,2.1411539701501248,7.387153284671532,1.3193936610815618,llama
stflife,wellbeing,IE,Ireland,7.264586614245971,1.746506935243767,7.3959124087591235,1.2590540835480475,llama
stflife,wellbeing,IL,Israel,7.100674068580728,2.0995398201582294,7.493576642335767,1.2512284824296063,llama
stflife,wellbeing,IS,Iceland,7.616733195317123,1.8741151012792872,7.5345985401459865,1.1909809796371706,llama
stflife,wellbeing,IT,Italy,6.739670239629779,1.903152675906479,7.504087591240876,1.18088364843746,llama
stflife,wellbeing,LT,Lithuania,7.1356614539550485,2.0928346239824207,7.534452554744526,1.23364559803918,llama
stflife,wellbeing,LV,Latvia,6.395823933792753,2.2344529567249887,7.467153284671533,1.2517186716280169,llama
stflife,wellbeing,ME,Montenegro,6.107432602015085,2.2377777283887044,7.382773722627737,1.2820606185816046,llama
stflife,wellbeing,NL,Netherlands,7.911109433699263,1.2395781286526681,7.6435036496350355,1.1692225082267151,llama
stflife,wellbeing,NO,Norway,7.694714604104831,1.7955247906018192,7.539999999999999,1.1787122520358457,llama
stflife,wellbeing,PL,Poland,7.330899994057487,2.0169033095979096,7.633430656934306,1.1195527236827938,llama
stflife,wellbeing,PT,Portugal,6.56427821284171,2.0566130251835895,7.355328467153284,1.3019065254525464,llama
stflife,wellbeing,RS,Serbia,6.842770538058628,2.31384027899869,7.444525547445256,1.246569544722167,llama
stflife,wellbeing,SE,Sweden,7.761426256173515,1.765214803913871,7.656642335766422,1.1089892382981914,llama
stflife,wellbeing,SI,Slovenia,7.542574813136172,1.9244888595960155,7.533868613138686,1.2028075394111486,llama
stflife,wellbeing,SK,Slovakia,6.4957221910406595,2.193641926033914,7.382481751824818,1.3141658356536536,llama
stflife,wellbeing,UA,Ukraine,5.135055056810102,2.8746660557095858,7.123941605839415,1.5489891807127814,llama
imsmetn,immigration,AT,Austria,1.9848903594679843,0.802259529957706,2.3335766423357662,0.6727004768969356,llama
imsmetn,immigration,BE,Belgium,1.9048137548184112,0.7044253089373982,2.289343065693431,0.655935790141713,llama
imsmetn,immigration,BG,Bulgaria,2.2584295318744276,1.0266249994343912,2.316058394160584,0.7222683542371943,llama
imsmetn,immigration,CH,Switzerland,1.8323559975393269,0.6536016814694029,2.3836496350364964,0.7115554947396336,llama
imsmetn,immigration,CY,Cyprus,2.3744432028480555,0.8830584763563025,2.2773722627737225,0.6724521658165679,llama
imsmetn,immigration,DE,Germany,1.762261807972097,0.6899154737487135,2.3116788321167885,0.6663448448483293,llama
imsmetn,immigration,EE,Estonia,2.0564161789601294,0.713834294629291,2.3442335766423357,0.6589129389772693,llama
imsmetn,immigration,ES,Spain,1.8990792529080591,0.817962435672302,2.3175182481751824,0.7145007877973323,llama
imsmetn,immigration,FI,Finland,1.945990096143163,0.6764863006766781,2.318248175182482,0.715964464032699,llama
imsmetn,immigration,FR,France,1.9617420516802728,0.7071034326966054,2.3110948905109487,0.6970024361172542,llama
imsmetn,immigration,GB,United Kingdom,1.8744748593233793,0.7748312328624263,2.343795620437956,0.7130632906085825,llama
imsmetn,immigration,GR,Greece,2.0069010704420394,0.9318933493678764,2.308905109489051,0.6572978519125297,llama
imsmetn,immigration,HR,Croatia,2.007848082038974,0.9097033377657038,2.3408759124087593,0.7311525333180616,llama
imsmetn,immigration,HU,Hungary,2.8666734173836588,0.8804998783990738,2.2960583941605837,0.6988915175549658,llama
imsmetn,immigration,IE,Ireland,2.0050826600753324,0.846812763013551,2.3313868613138684,0.6885394136112531,llama
imsmetn,immigration,IL,Israel,1.7927284968003243,1.1274068781525866,2.335912408759124,0.7295121284344298,llama
imsmetn,immigration,IS,Iceland,1.5944948628437006,0.6105481222791607,2.344087591240876,0.6996120005981067,llama
imsmetn,immigration,IT,Italy,2.099682499728239,0.8415914705542806,2.282919708029197,0.6686485459841353,llama
imsmetn,immigration,LT,Lithuania,1.9148544359816146,0.7838305143103949,2.3521167883211676,0.7058334945389471,llama
imsmetn,immigration,LV,Latvia,1.861880713866723,0.9756875974062875,2.3797080291970802,0.7317646116014104,llama
imsmetn,immigration,ME,Montenegro,2.1930207464010523,0.8437025464438357,2.3645255474452553,0.7177449770294824,llama
imsmetn,immigration,NL,Netherlands,2.09184325558409,0.6975747306932476,2.3665693430656933,0.7034630689735286,llama
imsmetn,immigration,NO,Norway,1.6704486013714808,0.61393824957152,2.3284671532846715,0.7439766810301193,llama
imsmetn,immigration,PL,Poland,2.2737578360377912,0.7748541968957734,2.28,0.7106499784091079,llama
imsmetn,immigration,PT,Portugal,2.407053493784501,0.7853713456635332,2.3233576642335767,0.6728075476377171,llama
imsmetn,immigration,RS,Serbia,1.8383213518091834,0.9222608093941408,2.3802919708029195,0.7346717666324872,llama
imsmetn,immigration,SE,Sweden,1.7306353858655772,0.6354810763112095,2.359124087591241,0.7041600222385106,llama
imsmetn,immigration,SI,Slovenia,1.874171812683402,0.7460745822384444,2.338248175182482,0.6628375757071455,llama
imsmetn,immigration,SK,Slovakia,2.668491306572592,0.8979077213435557,2.3124087591240876,0.6814635582404354,llama
imsmetn,immigration,UA,Ukraine,1.6070585920919498,0.8563087408079539,2.3727007299270073,0.7357212950901816,llama
impcntr,immigration,AT,Austria,2.624895307919512,0.9325443380468,2.4766423357664236,0.6445070165668432,llama
impcntr,immigration,BE,Belgium,2.1057834615457693,0.8236762083891918,2.4562043795620436,0.6635741114922882,llama
impcntr,immigration,BG,Bulgaria,2.802638021347716,0.9885390707940974,2.4686131386861314,0.6867322214511048,llama
impcntr,immigration,CH,Switzerland,2.1668625229304874,0.7680681584421224,2.4832116788321166,0.6623290183272784,llama
impcntr,immigration,CY,Cyprus,3.01573825997671,0.7437966965961555,2.4255474452554746,0.687931597336594,llama
impcntr,immigration,DE,Germany,2.172601577227967,0.8087067600829588,2.4394160583941606,0.6372177352674765,llama
impcntr,immigration,EE,Estonia,2.753210304141824,0.8685915970027777,2.464963503649635,0.6657440151404358,llama
impcntr,immigration,ES,Spain,2.0156059548711043,0.8778687415693935,2.432116788321168,0.6738575242206133,llama
impcntr,immigration,FI,Finland,2.4102001234500756,0.8058288145550183,2.4810218978102188,0.6702243718219387,llama
impcntr,immigration,FR,France,2.232715812578728,0.8225389980837455,2.4313868613138685,0.6564738145009046,llama
impcntr,immigration,GB,United Kingdom,2.0219395846800894,0.848430285355126,2.48978102189781,0.7002802980508129,llama
impcntr,immigration,GR,Greece,3.040483689666175,0.7907982393692867,2.4299270072992702,0.6353804592506835,llama
impcntr,immigration,HR,Croatia,2.3126614395024476,0.9299349153544375,2.46014598540146,0.681954090951786,llama
impcntr,immigration,HU,Hungary,3.2467126616393696,0.7895514146457082,2.4872992700729926,0.6939373040440403,llama
impcntr,immigration,IE,Ireland,2.1726471210594567,0.8902763127314905,2.4364963503649637,0.6555962324043672,llama
impcntr,immigration,IL,Israel,3.170063969761885,0.8960326441496079,2.51021897810219,0.7065156938544939,llama
impcntr,immigration,IS,Iceland,1.8270792549310613,0.7537421933977912,2.445985401459854,0.675924166840286,llama
impcntr,immigration,IT,Italy,2.259939683854844,0.8845466728919402,2.437226277372263,0.6773278356669752,llama
impcntr,immigration,LT,Lithuania,2.432967734905435,0.9073005874422578,2.448905109489051,0.6575157913209599,llama
impcntr,immigration,LV,Latvia,2.704574812297274,1.01408941043032,2.4683211678832118,0.6665598262448363,llama
impcntr,immigration,ME,Montenegro,2.3313039240519635,0.8445580009466589,2.4824817518248175,0.6647887817201943,llama
impcntr,immigration,NL,Netherlands,2.3225956942431747,0.8131809005001652,2.4583941605839414,0.6754511526490825,llama
impcntr,immigration,NO,Norway,1.830581823036069,0.6959909901689839,2.502919708029197,0.6759162728261983,llama
impcntr,immigration,PL,Poland,2.5409953996613295,0.7673873645334611,2.418978102189781,0.7155880139159233,llama
impcntr,immigration,PT,Portugal,2.4760723365670385,0.8107473607252478,2.437226277372263,0.658725432786467,llama
impcntr,immigration,RS,Serbia,2.5251294720870754,1.0817646195376982,2.456934306569343,0.7214138591712663,llama
impcntr,immigration,SE,Sweden,1.8384383959626223,0.7041014027599896,2.4077372262773724,0.6556200947399324,llama
impcntr,immigration,SI,Slovenia,2.1997549182309015,0.8258467324868838,2.475182481751825,0.6999144707457683,llama
impcntr,immigration,SK,Slovakia,2.8906624441759146,0.852134052987886,2.472992700729927,0.6831839427666937,llama
impcntr,immigration,UA,Ukraine,2.328579534630941,1.0934683992270489,2.4402919708029196,0.6914134408639795,llama
imdfetn,immigration,AT,Austria,2.4517622019493235,0.8802061273251262,2.2686131386861312,0.654019491189951,llama
imdfetn,immigration,BE,Belgium,2.0919372892883823,0.8073378444642432,2.3255474452554745,0.6275857851336317,llama
imdfetn,immigration,BG,Bulgaria,2.7328627261284333,0.987963184314789,2.302627737226277,0.6701174616344632,llama
imdfetn,immigration,CH,Switzerland,2.1007438940066754,0.7119868597103385,2.2967883211678832,0.6438564075534358,llama
imdfetn,immigration,CY,Cyprus,2.880309130017844,0.7480132622807513,2.2705109489051094,0.6636602398728835,llama
imdfetn,immigration,DE,Germany,2.1155225248243354,0.7415870792779439,2.2420437956204378,0.6009363292091351,llama
imdfetn,immigration,EE,Estonia,2.482137790581076,0.8231709958675449,2.2807299270072994,0.6487793701297759,llama
imdfetn,immigration,ES,Spain,2.020768220216837,0.871571042977701,2.283211678832117,0.6623290183272783,llama
imdfetn,immigration,FI,Finland,2.3173999200612294,0.7958721225569396,2.257664233576642,0.6303394875400288,llama
imdfetn,immigration,FR,France,2.1846977597098185,0.8005322694530923,2.2624817518248173,0.663860080267194,llama
imdfetn,immigration,GB,United Kingdom,1.9310717703886444,0.7847687411676028,2.2727007299270072,0.6132068706027659,llama
imdfetn,immigration,GR,Greece,2.8650876952628623,0.8124512890397037,2.261021897810219,0.6499767029917809,llama
imdfetn,immigration,HR,Croatia,2.319903488882591,0.9429217058981054,2.274890510948905,0.6808020261524895,llama
imdfetn,immigration,HU,Hungary,3.2389901160797776,0.768225077208008,2.3113868613138684,0.6611296181909754,llama
imdfetn,immigration,IE,Ireland,2.1791032143283253,0.8894551469869207,2.3208759124087592,0.6382215266158756,llama
imdfetn,immigration,IL,Israel,2.928104329006959,0.988690987686415,2.2664233576642334,0.6814455494612335,llama
imdfetn,immigration,IS,Iceland,1.8098389980877778,0.7528171498365184,2.2960583941605837,0.6511341406344447,llama
imdfetn,immigration,IT,Italy,2.343602730831374,0.8587056770844878,2.256934306569343,0.6581468335029758,llama
imdfetn,immigration,LT,Lithuania,2.3379386305133734,0.8970813904785923,2.2973722627737225,0.6631654443194873,llama
imdfetn,immigration,LV,Latvia,2.4385633393195496,1.0373280123666098,2.315766423357664,0.6840814503714494,llama
imdfetn,immigration,ME,Montenegro,2.284846733970834,0.8193283772273464,2.344379562043796,0.6670293545381624,llama
imdfetn,immigration,NL,Netherlands,2.166043221464122,0.7310213203390152,2.232846715328467,0.6654494907316951,llama
imdfetn,immigration,NO,Norway,1.7362368862212043,0.6723635799431303,2.2635036496350365,0.6502221744012979,llama
imdfetn,immigration,PL,Poland,2.660975103502025,0.8066234522048692,2.2875912408759125,0.6373424877621069,llama
imdfetn,immigration,PT,Portugal,2.525527473334346,0.8079625437610874,2.264963503649635,0.6798683266990199,llama
imdfetn,immigration,RS,Serbia,2.3673391689506214,1.0400754281561135,2.2621897810218976,0.6781798776037578,llama
imdfetn,immigration,SE,Sweden,1.7725604395730519,0.6786479470000785,2.2240875912408757,0.6492827292420432,llama
imdfetn,immigration,SI,Slovenia,2.202717709087987,0.809141524736039,2.271970802919708,0.6372017584859831,llama
imdfetn,immigration,SK,Slovakia,2.955207288230443,0.8221506042981189,2.3,0.648998328510449,llama
imdfetn,immigration,UA,Ukraine,2.139831627748936,1.0299020627035194,2.3394160583941606,0.6795205637251729,llama
gincdif,values,AT,Austria,1.8357850585925592,0.8482865431523864,2.8627737226277374,0.9452100929297816,llama
gincdif,values,BE,Belgium,2.1720802640896064,0.9949910736596599,2.951824817518248,0.9951712501973957,llama
gincdif,values,BG,Bulgaria,1.5765544452850997,0.8410492045798288,2.9167883211678833,1.0332604206778797,llama
gincdif,values,CH,Switzerland,2.2268630321551566,1.0099093629053904,2.883211678832117,0.9723193275448178,llama
gincdif,values,CY,Cyprus,1.9201601100983492,0.9436877140159126,2.896350364963504,0.9864883047003341,llama
gincdif,values,DE,Germany,2.245756485033962,0.9697362603064524,2.867883211678832,0.9644965285536331,llama
gincdif,values,EE,Estonia,2.4714217506623983,0.9958313547948203,2.9364963503649637,0.9706870353144706,llama
gincdif,values,ES,Spain,2.2390640373900483,1.0350336504377626,2.8715328467153283,0.9693360681557779,llama
gincdif,values,FI,Finland,2.2839959243441132,1.0050396138626976,2.835766423357664,0.9865867400561324,llama
gincdif,values,FR,France,2.1055804270824057,1.0722848192788625,2.924087591240876,0.991228013512884,llama
gincdif,values,GB,United Kingdom,2.1757216244786504,0.9963492209249417,2.8985401459854017,0.964424608134214,llama
gincdif,values,GR,Greece,1.7002968943187178,0.798982811770745,2.899270072992701,0.995640816769918,llama
gincdif,values,HR,Croatia,1.9352503863717316,0.9033262886377711,2.8474452554744527,0.969044285010505,llama
gincdif,values,HU,Hungary,1.8453483315603791,0.9304015630107489,2.8905109489051095,0.9709134792367299,llama
gincdif,values,IE,Ireland,2.0458435789120073,0.9407137721299345,2.899270072992701,0.9793553457903883,llama
gincdif,values,IL,Israel,2.254488633535265,1.0402877437796958,2.8642335766423357,0.9988104932881612,llama
gincdif,values,IS,Iceland,2.1414361386261214,0.9982674413562134,2.9065693430656934,0.9759688827877093,llama
gincdif,values,IT,Italy,1.8017486793566568,0.8447168535948194,2.9167883211678833,0.9854622615144902,llama
gincdif,values,LT,Lithuania,2.121179547383133,0.9805559841016092,2.9007299270072995,0.9876796860997288,llama
gincdif,values,LV,Latvia,1.9796661004482587,0.944902861842144,2.924817518248175,0.9638025493215024,llama
gincdif,values,ME,Montenegro,2.293288828528572,1.0921740290493038,2.973722627737226,1.0123701326714694,llama
gincdif,values,NL,Netherlands,2.3307843275086677,1.0063788590941443,2.948905109489051,0.9950254036194875,llama
gincdif,values,NO,Norway,2.2834812388590824,0.9777834109203098,2.954014598540146,1.001315990702667,llama
gincdif,values,PL,Poland,2.5549544515394365,1.0972876335817574,2.846715328467153,0.9859429463234907,llama
gincdif,values,PT,Portugal,1.739313170854453,0.7659278870837078,2.921167883211679,0.9983488310408783,llama
gincdif,values,RS,Serbia,1.9827876444054082,0.9714746764454562,2.9065693430656934,0.9669391917389463,llama
gincdif,values,SE,Sweden,2.3279505976838246,0.9073903127600642,2.8875912408759126,0.9836711622685302,llama
gincdif,values,SI,Slovenia,2.041077543530936,0.937292547544402,2.961313868613139,0.9753727863720104,llama
gincdif,values,SK,Slovakia,2.0097256652350133,0.8452932908204515,2.921897810218978,0.9978570114364962,llama
gincdif,values,UA,Ukraine,2.089412928826519,1.080375501658059,2.9766423357664236,0.9920195283845427,llama
freehms,values,AT,Austria,1.8048403829960766,0.9115840436715983,2.924087591240876,0.9897519882094257,llama
freehms,values,BE,Belgium,1.4898664420721157,0.869878861423761,2.8503649635036497,0.9889095601059253,llama
freehms,values,BG,Bulgaria,2.936348653180641,1.2945841023392308,2.808759124087591,1.013034528064993,llama
freehms,values,CH,Switzerland,1.681711327728691,0.8015227077583311,2.8613138686131387,0.9984086881895657,llama
freehms,values,CY,Cyprus,2.5601500385869453,1.130945762975391,2.8605839416058396,0.9926158412101245,llama
freehms,values,DE,Germany,1.530034629573154,0.69406445606028,2.883941605839416,0.9436021544193839,llama
freehms,values,EE,Estonia,2.28474033252233,1.0679866161702931,2.8394160583941606,1.0233643106513195,llama
freehms,values,ES,Spain,1.5241104285026639,0.783908853768037,2.8715328467153283,0.9809552649031216,llama
freehms,values,FI,Finland,1.6470933615759245,0.8292731727594597,2.8627737226277374,0.9756544736432408,llama
freehms,values,FR,France,1.4007917808708183,0.7859407229370496,2.8306569343065693,1.0104398066654425,llama
freehms,values,GB,United Kingdom,1.5388997373585795,0.7322417028973582,2.8306569343065693,0.9523410708222125,llama
freehms,values,GR,Greece,2.17310224200268,1.1699956257615467,2.835766423357664,0.9625849416667562,llama
freehms,values,HR,Croatia,2.565495668237443,1.1255267816775996,2.9197080291970803,1.003345239194558,llama
freehms,values,HU,Hungary,2.690709609447177,1.2543735068448747,2.889051094890511,0.9923448832278707,llama
freehms,values,IE,Ireland,1.555016083388427,0.7829197773686,2.875912408759124,0.9870895806712652,llama
freehms,values,IL,Israel,2.7719260476232255,1.4744816242172984,2.910948905109489,1.0551792918877674,llama
freehms,values,IS,Iceland,1.3194521636061314,0.7057087260493001,2.845985401459854,1.0021916479405402,llama
freehms,values,IT,Italy,2.092037298307339,1.0159876456686558,2.891970802919708,0.9612414604796834,llama
freehms,values,LT,Lithuania,3.0050030857827386,1.141480316899656,2.9058394160583942,0.9898436304647257,llama
freehms,values,LV,Latvia,2.468777846308473,1.2558480344950962,2.9408759124087593,0.9596047816257169,llama
freehms,values,ME,Montenegro,3.3321808808026123,1.2184330113663548,2.8715328467153283,1.0034260685351997,llama
freehms,values,NL,Netherlands,1.445133996683743,0.7036742854321734,2.872992700729927,0.9777871880089052,llama
freehms,values,NO,Norway,1.4441179088078822,0.6852131508943449,2.872262773722628,0.9567190772830467,llama
freehms,values,PL,Poland,2.3225344510924515,1.0934718813624278,2.7927007299270072,1.003330348868933,llama
freehms,values,PT,Portugal,1.8773637836038686,0.9176823894987853,2.867883211678832,1.0118403061026962,llama
freehms,values,RS,Serbia,3.1265715118957917,1.3386531295813646,2.9642335766423358,1.0010036795211197,llama
freehms,values,SE,Sweden,1.425785553832825,0.698236634958843,2.8525547445255475,0.9853518008004859,llama
freehms,values,SI,Slovenia,2.3629947482756473,1.0407782454388308,2.9437956204379563,0.9718901005384565,llama
freehms,values,SK,Slovakia,2.6065690910874335,1.1808278344003713,2.8788321167883213,1.0393873769845583,llama
freehms,values,UA,Ukraine,2.9931284831475167,1.381845135679538,3.0211678832116786,0.9844871803755135,llama
hmsfmlsh,values,AT,Austria,4.147308028861745,1.1220901785126633,3.7124087591240875,1.0543314485644149,llama
hmsfmlsh,values,BE,Belgium,4.405791777554618,1.087304254204888,3.721167883211679,1.0840032110377271,llama
hmsfmlsh,values,BG,Bulgaria,2.815351952556245,1.3390006883319725,3.781021897810219,1.0617989842023388,llama
hmsfmlsh,values,CH,Switzerland,4.338163551741064,0.9071354553573259,3.7226277372262775,1.0424465642362688,llama
hmsfmlsh,values,CY,Cyprus,3.223456992817589,1.1377698274401407,3.6963503649635037,1.0887790763350136,llama
hmsfmlsh,values,DE,Germany,4.476295645274503,0.8271109613357113,3.7985401459854016,1.0346331243333624,llama
hmsfmlsh,values,EE,Estonia,3.6581727531774,1.2219923136330886,3.8423357664233575,1.028093863593808,llama
hmsfmlsh,values,ES,Spain,4.564413348405986,0.8773885200685794,3.713868613138686,1.02876625719938,llama
hmsfmlsh,values,FI,Finland,4.466912225808951,0.8301666166291634,3.8175182481751824,1.0611354540238491,llama
hmsfmlsh,values,FR,France,4.607616902636518,0.8956009678608612,3.8656934306569344,1.053845503133322,llama
hmsfmlsh,values,GB,United Kingdom,4.421650390697318,0.9237562317333435,3.757664233576642,1.0649741662666676,llama
hmsfmlsh,values,GR,Greece,3.409401943597352,1.3401954676674963,3.713868613138686,1.090843233155178,llama
hmsfmlsh,values,HR,Croatia,3.2644572705160075,1.2071891711249758,3.7927007299270072,1.0461314865766487,llama
hmsfmlsh,values,HU,Hungary,3.293985811219156,1.3048496503964033,3.764963503649635,1.0631790049748375,llama
hmsfmlsh,values,IE,Ireland,4.363610254415526,1.0362110130763555,3.7766423357664234,1.065697392241716,llama
hmsfmlsh,values,IL,Israel,3.092598797312127,1.4837062096008957,3.7773722627737225,1.1037544050450818,llama
hmsfmlsh,values,IS,Iceland,4.749361652255945,0.6745042977261939,3.8,1.0621064802733275,llama
hmsfmlsh,values,IT,Italy,3.8375576432386036,1.060070225951727,3.71970802919708,1.028955029454697,llama
hmsfmlsh,values,LT,Lithuania,3.0973628167924105,1.1617294783378334,3.794160583941606,1.0582291303417006,llama
hmsfmlsh,values,LV,Latvia,3.084096141517945,1.3840300717145457,3.7854014598540147,1.048149312076873,llama
hmsfmlsh,values,ME,Montenegro,2.9981544280044723,1.1686757899030416,3.665693430656934,1.08177607076573,llama
hmsfmlsh,values,NL,Netherlands,4.526722688061487,0.9001308315486732,3.886131386861314,1.02961856913953,llama
hmsfmlsh,values,NO,Norway,4.562125366986062,0.781905796814241,3.781021897810219,1.0182209033403886,llama
hmsfmlsh,values,PL,Poland,3.766829360736546,1.209928337992963,3.778102189781022,1.0501124507083157,llama
hmsfmlsh,values,PT,Portugal,3.960362500463685,1.14824218850779,3.702189781021898,1.0424097106542034,llama
hmsfmlsh,values,RS,Serbia,2.723069707108146,1.4182508498135005,3.75985401459854,1.05530266812283,llama
hmsfmlsh,values,SE,Sweden,4.587711797305787,0.7815274095803415,3.8613138686131387,1.0343690462581951,llama
hmsfmlsh,values,SI,Slovenia,3.725860891266949,1.1407292114608247,3.797080291970803,1.0122019889087315,llama
hmsfmlsh,values,SK,Slovakia,3.140008514024636,1.2251609120289109,3.7525547445255474,1.096450966093953,llama
hmsfmlsh,values,UA,Ukraine,2.4866616182198324,1.3712752707286429,3.7912408759124085,1.0590375784072839,llama
hmsacld,values,AT,Austria,2.3283595156863424,1.28402390834034,2.927007299270073,0.9415291507752207,llama
hmsacld,values,BE,Belgium,1.8758176179656545,1.1706599407282337,2.883211678832117,0.9957195922026211,llama
hmsacld,values,BG,Bulgaria,3.7089479531413008,1.2535944355507374,2.9306569343065694,1.0273711728828605,llama
hmsacld,values,CH,Switzerland,2.508597984239608,1.278082604057314,2.978102189781022,1.025031402205266,llama
hmsacld,values,CY,Cyprus,3.716198939903026,1.2720113850934618,2.886131386861314,1.0366939186461301,llama
hmsacld,values,DE,Germany,1.9107101931485644,1.0429038893935523,2.9423357664233576,1.0108853906655284,llama
hmsacld,values,EE,Estonia,3.0847703715488484,1.3700731885725446,2.935766423357664,1.008859673145394,llama
hmsacld,values,ES,Spain,1.735098497487845,1.0477927104779508,2.9094890510948903,1.0347672006795385,llama
hmsacld,values,FI,Finland,2.13443652053681,1.1925924458743113,2.9364963503649637,1.0390669954879674,llama
hmsacld,values,FR,France,2.1379974437669227,1.3368024660251876,2.8715328467153283,1.0278966277574746,llama
hmsacld,values,GB,United Kingdom,1.891252942041102,1.0373934649471324,2.954014598540146,1.0172499476170653,llama
hmsacld,values,GR,Greece,3.864890146669234,1.2614793048487902,2.921167883211679,0.9954157097536255,llama
hmsacld,values,HR,Croatia,3.5825735883876977,1.2332019349605594,2.964963503649635,1.0282267169328987,llama
hmsacld,values,HU,Hungary,3.3170250072457623,1.259370001644766,2.9386861313868615,1.0547337026502048,llama
hmsacld,values,IE,Ireland,1.9511084635234233,1.1206117655581447,2.873722627737226,0.9951101259248804,llama
hmsacld,values,IL,Israel,3.004916357312073,1.4805841885094917,2.8883211678832117,1.0483254325303104,llama
hmsacld,values,IS,Iceland,1.6136432116387014,1.1099785778643343,2.9029197080291973,0.9998495212686763,llama
hmsacld,values,IT,Italy,3.189110426066679,1.2746065593696327,2.924087591240876,0.9853106456036846,llama
hmsacld,values,LT,Lithuania,3.8929680058979232,1.0254374314810153,2.962773722627737,1.0431485809229621,llama
hmsacld,values,LV,Latvia,3.691122363824701,1.3127537249694412,2.8664233576642335,1.0000202755446537,llama
hmsacld,values,ME,Montenegro,3.609247573779838,1.1522096115416658,3.0153284671532847,1.0492889900507165,llama
hmsacld,values,NL,Netherlands,1.8122463900339445,1.0545263148827153,2.8686131386861313,0.9779552472463124,llama
hmsacld,values,NO,Norway,1.8546935913036795,1.0651081892831464,2.962773722627737,1.0219096402122756,llama
hmsacld,values,PL,Poland,3.690918841333205,1.3092616604835379,2.924817518248175,1.0269597597913338,llama
hmsacld,values,PT,Portugal,2.532455748115913,1.2532817523691113,2.9430656934306567,1.0251084395953072,llama
hmsacld,values,RS,Serbia,4.054340716461004,1.1343128680878303,2.8927007299270073,1.0322741484782156,llama
hmsacld,values,SE,Sweden,1.7863564870804594,0.9946625844214346,2.8474452554744527,1.0290431804580376,llama
hmsacld,values,SI,Slovenia,3.1789430084301267,1.300934490290156,2.9576642335766423,1.0012946756309868,llama
hmsacld,values,SK,Slovakia,3.803739725541597,1.1867565910602178,2.9094890510948903,1.0404033189272883,llama
hmsacld,values,UA,Ukraine,3.6298902633912213,1.303423642630915,3.0226277372262773,1.0111941221834182,llama
health,health,AT,Austria,1.9141356256686646,0.9232104251785521,3.026277372262774,0.8342337305001494,llama
health,health,BE,Belgium,2.114847504252695,0.8827077394660321,3.008029197080292,0.8645096634570442,llama
health,health,BG,Bulgaria,2.0014969415203407,0.89154254997927,2.9693430656934305,0.8488521699347116,llama
health,health,CH,Switzerland,1.8562260693555466,0.7370794966101829,2.961313868613139,0.8594374754160337,llama
health,health,CY,Cyprus,1.9838909971504628,0.972816685203613,3.0211678832116786,0.8271198758496155,llama
health,health,DE,Germany,2.3404064086681218,0.9204941688404913,3.0547445255474455,0.8517243262419115,llama
health,health,EE,Estonia,2.384538456606737,0.8140440645423924,3.067153284671533,0.8578933030697434,llama
health,health,ES,Spain,2.2450335664243757,0.9550380949578365,2.9795620437956205,0.8729310281137737,llama
health,health,FI,Finland,2.242125842698102,0.832107114210838,3.0591240875912407,0.837581692317176,llama
health,health,FR,France,2.1955373529269524,0.917509906548585,3.0532846715328468,0.8742625208673591,llama
health,health,GB,United Kingdom,2.1475728850864075,0.9299975852006594,3.0145985401459856,0.8595473569093187,llama
health,health,GR,Greece,1.6507620037517867,0.7968449482650742,3.045985401459854,0.8509553109929093,llama
health,health,HR,Croatia,2.1587218174065788,1.0763146128824166,2.9854014598540144,0.8763911369084395,llama
health,health,HU,Hungary,2.1453850505528766,0.968639011634433,2.9941605839416057,0.8702159461240339,llama
health,health,IE,Ireland,1.7979717869331635,0.7767376972115357,3.051094890510949,0.8418092452035154,llama
health,health,IL,Israel,1.805679135155322,1.0235947764484168,3.02992700729927,0.8627581369372361,llama
health,health,IS,Iceland,2.0520469187203223,0.933014525178925,3.048175182481752,0.8458794335186647,llama
health,health,IT,Italy,2.208019228294266,0.8613077531480793,3.0153284671532847,0.8408338341720297,llama
health,health,LT,Lithuania,2.3620473814182037,0.8127189824484872,2.9956204379562044,0.8376963515256928,llama
health,health,LV,Latvia,2.651565011670587,0.829205302339946,2.9364963503649637,0.8350750143501624,llama
health,health,ME,Montenegro,2.0184010632287226,0.8525585211091011,3.0357664233576642,0.8410812821243656,llama
health,health,NL,Netherlands,2.136731618071862,0.7366112674677908,3.021897810218978,0.8474001630431796,llama
health,health,NO,Norway,2.065780416217236,0.9372793967065801,3.024817518248175,0.8147741248631204,llama
health,health,PL,Poland,2.234161722961197,0.8088475011682066,2.951094890510949,0.8486415691635965,llama
health,health,PT,Portugal,2.392226647275271,0.8990897224501815,2.9635036496350367,0.8386563251050501,llama
health,health,RS,Serbia,2.3095017135503286,1.0226643886584024,3.0197080291970804,0.850682510306795,llama
health,health,SE,Sweden,2.049525199592529,0.8356555728872694,3.0306569343065695,0.850572738224695,llama
health,health,SI,Slovenia,2.1846749396506233,0.8942901128662777,3.012408759124088,0.8408820605110133,llama
health,health,SK,Slovakia,2.2348633159025577,0.8945051260799347,3.0525547445255476,0.8631575628807897,llama
health,health,UA,Ukraine,2.673107019642948,0.8603051181585082,3.026277372262774,0.8377313831536753,llama
rlgatnd,religion,AT,Austria,5.479338666840443,1.3400087072150901,4.535766423357664,1.227650327039075,llama
rlgatnd,religion,BE,Belgium,6.116130995693989,1.3653135699401429,4.445255474452555,1.2263535786395627,llama
rlgatnd,religion,BG,Bulgaria,5.327140858928711,1.2396764000564964,4.499270072992701,1.2225044009275694,llama
rlgatnd,religion,CH,Switzerland,5.734269035247372,1.3171909253730611,4.492700729927007,1.285583299728338,llama
rlgatnd,religion,CY,Cyprus,4.353221003891415,1.3570157202418038,4.573722627737227,1.2384123769366204,llama
rlgatnd,religion,DE,Germany,6.072509764828908,1.2470883860930286,4.54014598540146,1.2116310025166261,llama
rlgatnd,religion,EE,Estonia,6.052758649598297,1.0707400981460191,4.569197080291971,1.2631067579040214,llama
rlgatnd,religion,ES,Spain,5.881227715894526,1.5065486967625719,4.4145985401459855,1.3138677861012467,llama
rlgatnd,religion,FI,Finland,5.850632443390991,1.165045751022802,4.475912408759124,1.277248364308768,llama
rlgatnd,religion,FR,France,6.127880470150239,1.2904666557657698,4.553284671532847,1.2299890109628038,llama
rlgatnd,religion,GB,United Kingdom,5.845746367740842,1.583302523856709,4.458832116788321,1.3109296875693333,llama
rlgatnd,religion,GR,Greece,4.563632269248038,1.173277911508533,4.3591240875912405,1.2473102490506425,llama
rlgatnd,religion,HR,Croatia,4.986787808266148,1.4499214808058578,4.435766423357665,1.28057559850672,llama
rlgatnd,religion,HU,Hungary,5.677079152143987,1.4075077348572846,4.466423357664233,1.271440529217416,llama
rlgatnd,religion,IE,Ireland,5.103841421421447,1.5704984412755174,4.458394160583942,1.2452038006804385,llama
rlgatnd,religion,IL,Israel,5.142386564860492,1.9814960341303947,4.556934306569343,1.3194338909023404,llama
rlgatnd,religion,IS,Iceland,6.145479970306821,1.1653814568349314,4.577372262773722,1.25563016847707,llama
rlgatnd,religion,IT,Italy,4.662641162701375,1.628398840444458,4.5518248175182485,1.2371622753632692,llama
rlgatnd,religion,LT,Lithuania,5.138376199062481,1.1990503855709085,4.574452554744526,1.2355615952729726,llama
rlgatnd,religion,LV,Latvia,5.814837262072342,1.2054114115367247,4.477080291970803,1.2329125411751838,llama
rlgatnd,religion,ME,Montenegro,4.338197625667527,1.6547586813358335,4.575182481751825,1.2971392850572607,llama
rlgatnd,religion,NL,Netherlands,6.162729781781611,1.4696419827192204,4.477372262773723,1.3013708865335973,llama
rlgatnd,religion,NO,Norway,6.076685746987576,1.1874551439866414,4.456934306569343,1.255385801958878,llama
rlgatnd,religion,PL,Poland,4.294966622278048,1.466940204585177,4.411970802919708,1.2543385756262855,llama
rlgatnd,religion,PT,Portugal,5.25733500990477,1.682959356254799,4.574452554744526,1.2176833769870912,llama
rlgatnd,religion,RS,Serbia,5.063040211682718,1.1521434257006364,4.454744525547445,1.1994742271009784,llama
rlgatnd,religion,SE,Sweden,6.053227284345842,1.1352555567958624,4.411678832116788,1.2861194235195228,llama
rlgatnd,religion,SI,Slovenia,5.421129340400725,1.3829041678849663,4.413138686131387,1.2443332086892198,llama
rlgatnd,religion,SK,Slovakia,4.802303803279733,1.6272285940989588,4.427007299270073,1.2948674913372724,llama
rlgatnd,religion,UA,Ukraine,4.903262379016235,1.4965780611518245,4.523357664233576,1.2667741628972427,llama
aesfdrk,safety,AT,Austria,1.7451200858393296,0.7781357867038727,2.4788321167883214,0.6521927316376057,llama
aesfdrk,safety,BE,Belgium,1.9608103558736638,0.7680524114258143,2.437226277372263,0.6537126650381627,llama
aesfdrk,safety,BG,Bulgaria,2.5147298946457233,0.8500712838204036,2.4583941605839414,0.6813774249910902,llama
aesfdrk,safety,CH,Switzerland,1.6449212604938928,0.6840492099370598,2.475912408759124,0.6697871647902245,llama
aesfdrk,safety,CY,Cyprus,2.206599297143829,0.7915801586684562,2.4437956204379563,0.6640146058366617,llama
aesfdrk,safety,DE,Germany,1.9377331019707613,0.7754115407227861,2.456934306569343,0.6660957665677416,llama
aesfdrk,safety,EE,Estonia,1.7614117223777974,0.6534452556480626,2.43021897810219,0.6313038433446776,llama
aesfdrk,safety,ES,Spain,1.8616260813447065,0.7579753018268469,2.4576642335766423,0.691185377650144,llama
aesfdrk,safety,FI,Finland,1.6502650058100996,0.6329304653417683,2.5145985401459856,0.675764689873433,llama
aesfdrk,safety,FR,France,1.9970340137772633,0.8798602580096239,2.3795620437956204,0.6367335647469425,llama
aesfdrk,safety,GB,United Kingdom,1.9204157097348173,0.7639990590412803,2.4642335766423358,0.6659796049813221,llama
aesfdrk,safety,GR,Greece,2.214238278814882,0.8221606948682242,2.424817518248175,0.6246380263962064,llama
aesfdrk,safety,HR,Croatia,1.607796724970234,0.6176597085881051,2.4467153284671532,0.6896319781846474,llama
aesfdrk,safety,HU,Hungary,1.88843413734752,0.5869997343161297,2.421897810218978,0.6545740242972307,llama
aesfdrk,safety,IE,Ireland,1.8840217477145313,0.7786320886168319,2.44963503649635,0.6699616039874471,llama
aesfdrk,safety,IL,Israel,2.003908804589909,0.8713027199520768,2.4985401459854013,0.6775412852335163,llama
aesfdrk,safety,IS,Iceland,1.4502312563915707,0.6582303359278844,2.475912408759124,0.6537706139835061,llama
aesfdrk,safety,IT,Italy,2.2515240159291157,0.7870124590342552,2.4072992700729925,0.6275398727454944,llama
aesfdrk,safety,LT,Lithuania,2.1023968977184855,0.6603483022587546,2.4255474452554746,0.6411827974065595,llama
aesfdrk,safety,LV,Latvia,2.0343555398162096,0.7569815019136503,2.4934306569343065,0.667456153099393,llama
aesfdrk,safety,ME,Montenegro,1.9127651028518395,0.6766689768568745,2.4503649635036497,0.6949193322269953,llama
aesfdrk,safety,NL,Netherlands,1.8321046219530455,0.6716373504943086,2.421897810218978,0.6416029050648038,llama
aesfdrk,safety,NO,Norway,1.4444036804392373,0.621264626266143,2.4693430656934305,0.6459004825075246,llama
aesfdrk,safety,PL,Poland,1.7455882829221274,0.6103235977360933,2.4788321167883214,0.6849927067668159,llama
aesfdrk,safety,PT,Portugal,2.0040593848451977,0.6692397650858066,2.4416058394160585,0.6846950847130268,llama
aesfdrk,safety,RS,Serbia,1.7162551018890868,0.7411910287910501,2.487591240875912,0.6889314184578682,llama
aesfdrk,safety,SE,Sweden,1.7102098196296691,0.7724201277122971,2.4386861313868615,0.6806911021077526,llama
aesfdrk,safety,SI,Slovenia,1.5854336586751598,0.6011680445006672,2.443357664233577,0.671302170669374,llama
aesfdrk,safety,SK,Slovakia,2.14238162067109,0.6523475023052114,2.4160583941605838,0.64936243772835,llama
aesfdrk,safety,UA,Ukraine,2.0477057283918545,0.8012970852475175,2.4963503649635035,0.6553210854368579,llama
hincfel,income,AT,Austria,1.7885763610856038,0.7016947571657278,2.637956204379562,0.6948149009751814,llama
hincfel,income,BE,Belgium,1.86522641109487,0.8896511295112408,2.632116788321168,0.7166497658726628,llama
hincfel,income,BG,Bulgaria,2.5741661039618227,0.8640364971527,2.5664233576642337,0.6842289137935971,llama
hincfel,income,CH,Switzerland,1.5683709540776045,0.7180125713220007,2.624817518248175,0.7159197476482817,llama
hincfel,income,CY,Cyprus,2.079467994970561,0.8671987095784793,2.656934306569343,0.7318761060227015,llama
hincfel,income,DE,Germany,1.626667978914573,0.6834186975768242,2.58978102189781,0.6964073083426029,llama
hincfel,income,EE,Estonia,1.9440503292166416,0.7082959549773526,2.591240875912409,0.6748916365860038,llama
hincfel,income,ES,Spain,1.85549258919365,0.8177486918848212,2.6043795620437957,0.7130640388901178,llama
hincfel,income,FI,Finland,1.8378014985173585,0.685850382143259,2.6233576642335765,0.7058923651988299,llama
hincfel,income,FR,France,1.7442598225119734,0.7357233858495562,2.575182481751825,0.6747081914074495,llama
hincfel,income,GB,United Kingdom,1.782693631351505,0.8396131057994066,2.591240875912409,0.6962172701216237,llama
hincfel,income,GR,Greece,2.4566459133957133,0.763509976228362,2.616058394160584,0.6946152092941802,llama
hincfel,income,HR,Croatia,1.8591769298216114,0.7951207513223731,2.588321167883212,0.7213398933440658,llama
hincfel,income,HU,Hungary,2.1792181814427543,0.7150166923772696,2.6583941605839416,0.7071731815742033,llama
hincfel,income,IE,Ireland,1.817426696357792,0.8275290655892819,2.627737226277372,0.686197455833873,llama
hincfel,income,IL,Israel,1.992257796033195,0.909257685789422,2.626277372262774,0.7136175521043799,llama
hincfel,income,IS,Iceland,1.5782702126796426,0.7523342908941502,2.6394160583941604,0.7008096470780475,llama
hincfel,income,IT,Italy,1.9337770882399752,0.7686205038007697,2.6175182481751826,0.690145527731086,llama
hincfel,income,LT,Lithuania,1.9270208834320273,0.6560368551061526,2.6014598540145983,0.696900552683371,llama
hincfel,income,LV,Latvia,2.441784891392683,0.7822267281510663,2.6686131386861316,0.7232310365873846,llama
hincfel,income,ME,Montenegro,2.541803177342517,1.0498763840763221,2.6306569343065695,0.7004136250594718,llama
hincfel,income,NL,Netherlands,1.418800054685903,0.6486966976962052,2.6,0.6992058987801011,llama
hincfel,income,NO,Norway,1.5104027324668359,0.6803905012376829,2.6394160583941604,0.7008096470780475,llama
hincfel,income,PL,Poland,1.94692268620397,0.5536224979120611,2.6350364963503647,0.701667941916155,llama
hincfel,income,PT,Portugal,2.2961930159308017,0.8230599117177357,2.6598540145985403,0.7130221339148082,llama
hincfel,income,RS,Serbia,1.919298210772144,0.7621331198511583,2.627737226277372,0.7174444908950706,llama
hincfel,income,SE,Sweden,1.3799038798597794,0.6167472715921849,2.6364963503649634,0.7219284514054346,llama
hincfel,income,SI,Slovenia,1.5381724922383904,0.7351340898757903,2.629197080291971,0.7212481651837573,llama
hincfel,income,SK,Slovakia,2.1619024707248014,0.8206651601987425,2.628905109489051,0.700988940974529,llama
hincfel,income,UA,Ukraine,2.8978141350157722,0.9025688044675382,2.7854014598540147,0.7329484781587944,llama
